<?xml version="1.0" encoding="UTF-8"?>
<Tokens version="1.0">
	<File path="Classes/M13ProgressViewMetroDot.html">
		
		<Token>
			<TokenIdentifier>//apple_ref/occ/cl/M13ProgressViewMetroDot</TokenIdentifier>
			<Abstract type="html">The layer that the M13ProgressViewMetro animates.</Abstract>
			<DeclaredIn>M13ProgressViewMetro.h</DeclaredIn>
            
			
			<NodeRef refid="10"/>
		</Token>
		
		
		<Token>
			<TokenIdentifier>//apple_ref/occ/instm/M13ProgressViewMetroDot/setHighlighted:</TokenIdentifier>
			<Abstract type="html">Wether or not the dot is highlighted. The dot becomes highlighted to show progress.</Abstract>
			<DeclaredIn>M13ProgressViewMetro.h</DeclaredIn>
			
			<Declaration>@property (nonatomic, assign) BOOL highlighted</Declaration>
			
			
			<Anchor>//api/name/highlighted</Anchor>
            <NodeRef refid="10"/>
		</Token>
		
		<Token>
			<TokenIdentifier>//apple_ref/occ/instm/M13ProgressViewMetroDot/highlighted</TokenIdentifier>
			<Abstract type="html">Wether or not the dot is highlighted. The dot becomes highlighted to show progress.</Abstract>
			<DeclaredIn>M13ProgressViewMetro.h</DeclaredIn>
			
			<Declaration>@property (nonatomic, assign) BOOL highlighted</Declaration>
			
			
			<Anchor>//api/name/highlighted</Anchor>
            <NodeRef refid="10"/>
		</Token>
		
		<Token>
			<TokenIdentifier>//apple_ref/occ/instp/M13ProgressViewMetroDot/highlighted</TokenIdentifier>
			<Abstract type="html">Wether or not the dot is highlighted. The dot becomes highlighted to show progress.</Abstract>
			<DeclaredIn>M13ProgressViewMetro.h</DeclaredIn>
			
			<Declaration>@property (nonatomic, assign) BOOL highlighted</Declaration>
			
			
			<Anchor>//api/name/highlighted</Anchor>
            <NodeRef refid="10"/>
		</Token>
		
		<Token>
			<TokenIdentifier>//apple_ref/occ/instm/M13ProgressViewMetroDot/setSuccessColor:</TokenIdentifier>
			<Abstract type="html">The color to show on success.</Abstract>
			<DeclaredIn>M13ProgressViewMetro.h</DeclaredIn>
			
			<Declaration>@property (nonatomic, retain) UIColor *successColor</Declaration>
			
			
			<Anchor>//api/name/successColor</Anchor>
            <NodeRef refid="10"/>
		</Token>
		
		<Token>
			<TokenIdentifier>//apple_ref/occ/instm/M13ProgressViewMetroDot/successColor</TokenIdentifier>
			<Abstract type="html">The color to show on success.</Abstract>
			<DeclaredIn>M13ProgressViewMetro.h</DeclaredIn>
			
			<Declaration>@property (nonatomic, retain) UIColor *successColor</Declaration>
			
			
			<Anchor>//api/name/successColor</Anchor>
            <NodeRef refid="10"/>
		</Token>
		
		<Token>
			<TokenIdentifier>//apple_ref/occ/instp/M13ProgressViewMetroDot/successColor</TokenIdentifier>
			<Abstract type="html">The color to show on success.</Abstract>
			<DeclaredIn>M13ProgressViewMetro.h</DeclaredIn>
			
			<Declaration>@property (nonatomic, retain) UIColor *successColor</Declaration>
			
			
			<Anchor>//api/name/successColor</Anchor>
            <NodeRef refid="10"/>
		</Token>
		
		<Token>
			<TokenIdentifier>//apple_ref/occ/instm/M13ProgressViewMetroDot/setFailureColor:</TokenIdentifier>
			<Abstract type="html">The color to show on failure.</Abstract>
			<DeclaredIn>M13ProgressViewMetro.h</DeclaredIn>
			
			<Declaration>@property (nonatomic, retain) UIColor *failureColor</Declaration>
			
			
			<Anchor>//api/name/failureColor</Anchor>
            <NodeRef refid="10"/>
		</Token>
		
		<Token>
			<TokenIdentifier>//apple_ref/occ/instm/M13ProgressViewMetroDot/failureColor</TokenIdentifier>
			<Abstract type="html">The color to show on failure.</Abstract>
			<DeclaredIn>M13ProgressViewMetro.h</DeclaredIn>
			
			<Declaration>@property (nonatomic, retain) UIColor *failureColor</Declaration>
			
			
			<Anchor>//api/name/failureColor</Anchor>
            <NodeRef refid="10"/>
		</Token>
		
		<Token>
			<TokenIdentifier>//apple_ref/occ/instp/M13ProgressViewMetroDot/failureColor</TokenIdentifier>
			<Abstract type="html">The color to show on failure.</Abstract>
			<DeclaredIn>M13ProgressViewMetro.h</DeclaredIn>
			
			<Declaration>@property (nonatomic, retain) UIColor *failureColor</Declaration>
			
			
			<Anchor>//api/name/failureColor</Anchor>
            <NodeRef refid="10"/>
		</Token>
		
		<Token>
			<TokenIdentifier>//apple_ref/occ/instm/M13ProgressViewMetroDot/setPrimaryColor:</TokenIdentifier>
			<Abstract type="html">The primary color of the dot.</Abstract>
			<DeclaredIn>M13ProgressViewMetro.h</DeclaredIn>
			
			<Declaration>@property (nonatomic, retain) UIColor *primaryColor</Declaration>
			
			
			<Anchor>//api/name/primaryColor</Anchor>
            <NodeRef refid="10"/>
		</Token>
		
		<Token>
			<TokenIdentifier>//apple_ref/occ/instm/M13ProgressViewMetroDot/primaryColor</TokenIdentifier>
			<Abstract type="html">The primary color of the dot.</Abstract>
			<DeclaredIn>M13ProgressViewMetro.h</DeclaredIn>
			
			<Declaration>@property (nonatomic, retain) UIColor *primaryColor</Declaration>
			
			
			<Anchor>//api/name/primaryColor</Anchor>
            <NodeRef refid="10"/>
		</Token>
		
		<Token>
			<TokenIdentifier>//apple_ref/occ/instp/M13ProgressViewMetroDot/primaryColor</TokenIdentifier>
			<Abstract type="html">The primary color of the dot.</Abstract>
			<DeclaredIn>M13ProgressViewMetro.h</DeclaredIn>
			
			<Declaration>@property (nonatomic, retain) UIColor *primaryColor</Declaration>
			
			
			<Anchor>//api/name/primaryColor</Anchor>
            <NodeRef refid="10"/>
		</Token>
		
		<Token>
			<TokenIdentifier>//apple_ref/occ/instm/M13ProgressViewMetroDot/setSecondaryColor:</TokenIdentifier>
			<Abstract type="html">The secondary color of the dot.</Abstract>
			<DeclaredIn>M13ProgressViewMetro.h</DeclaredIn>
			
			<Declaration>@property (nonatomic, retain) UIColor *secondaryColor</Declaration>
			
			
			<Anchor>//api/name/secondaryColor</Anchor>
            <NodeRef refid="10"/>
		</Token>
		
		<Token>
			<TokenIdentifier>//apple_ref/occ/instm/M13ProgressViewMetroDot/secondaryColor</TokenIdentifier>
			<Abstract type="html">The secondary color of the dot.</Abstract>
			<DeclaredIn>M13ProgressViewMetro.h</DeclaredIn>
			
			<Declaration>@property (nonatomic, retain) UIColor *secondaryColor</Declaration>
			
			
			<Anchor>//api/name/secondaryColor</Anchor>
            <NodeRef refid="10"/>
		</Token>
		
		<Token>
			<TokenIdentifier>//apple_ref/occ/instp/M13ProgressViewMetroDot/secondaryColor</TokenIdentifier>
			<Abstract type="html">The secondary color of the dot.</Abstract>
			<DeclaredIn>M13ProgressViewMetro.h</DeclaredIn>
			
			<Declaration>@property (nonatomic, retain) UIColor *secondaryColor</Declaration>
			
			
			<Anchor>//api/name/secondaryColor</Anchor>
            <NodeRef refid="10"/>
		</Token>
		
		<Token>
			<TokenIdentifier>//apple_ref/occ/instm/M13ProgressViewMetroDot/performAction:animated:</TokenIdentifier>
			<Abstract type="html">Perform the given action if defined. Usually showing success or failure.</Abstract>
			<DeclaredIn>M13ProgressViewMetro.h</DeclaredIn>
			
			<Declaration>- (void)performAction:(M13ProgressViewAction)action animated:(BOOL)animated</Declaration>
			<Parameters>
				<Parameter>
					<Name>action</Name>
					<Abstract type="html">The action to perform.</Abstract>
				</Parameter><Parameter>
					<Name>animated</Name>
					<Abstract type="html">Wether or not to animate the change</Abstract>
				</Parameter>
			</Parameters>
			
			<Anchor>//api/name/performAction:animated:</Anchor>
            <NodeRef refid="10"/>
		</Token>
		
		<Token>
			<TokenIdentifier>//apple_ref/occ/instm/M13ProgressViewMetroDot/copy</TokenIdentifier>
			<Abstract type="html">All subclasses must respond to NSCopying.</Abstract>
			<DeclaredIn>M13ProgressViewMetro.h</DeclaredIn>
			
			<Declaration>- (id)copy</Declaration>
			
			
			<Anchor>//api/name/copy</Anchor>
            <NodeRef refid="10"/>
		</Token>
		
        
	</File>
</Tokens>