<?xml version="1.0" encoding="UTF-8"?>
<Tokens version="1.0">
	<File path="Classes/M13ProgressView.html">
		
		<Token>
			<TokenIdentifier>//apple_ref/occ/cl/M13ProgressView</TokenIdentifier>
			<Abstract type="html">A standardized base upon which to build progress views for applications. This allows one to use any subclass progress view in any component that use this standard.</Abstract>
			<DeclaredIn>M13ProgressView.h</DeclaredIn>
            
			
			<NodeRef refid="3"/>
		</Token>
		
		
		<Token>
			<TokenIdentifier>//apple_ref/occ/instm/M13ProgressView/setPrimaryColor:</TokenIdentifier>
			<Abstract type="html">The primary color of the M13ProgressView.</Abstract>
			<DeclaredIn>M13ProgressView.h</DeclaredIn>
			
			<Declaration>@property (nonatomic, retain) UIColor *primaryColor</Declaration>
			
			
			<Anchor>//api/name/primaryColor</Anchor>
            <NodeRef refid="3"/>
		</Token>
		
		<Token>
			<TokenIdentifier>//apple_ref/occ/instm/M13ProgressView/primaryColor</TokenIdentifier>
			<Abstract type="html">The primary color of the M13ProgressView.</Abstract>
			<DeclaredIn>M13ProgressView.h</DeclaredIn>
			
			<Declaration>@property (nonatomic, retain) UIColor *primaryColor</Declaration>
			
			
			<Anchor>//api/name/primaryColor</Anchor>
            <NodeRef refid="3"/>
		</Token>
		
		<Token>
			<TokenIdentifier>//apple_ref/occ/instp/M13ProgressView/primaryColor</TokenIdentifier>
			<Abstract type="html">The primary color of the M13ProgressView.</Abstract>
			<DeclaredIn>M13ProgressView.h</DeclaredIn>
			
			<Declaration>@property (nonatomic, retain) UIColor *primaryColor</Declaration>
			
			
			<Anchor>//api/name/primaryColor</Anchor>
            <NodeRef refid="3"/>
		</Token>
		
		<Token>
			<TokenIdentifier>//apple_ref/occ/instm/M13ProgressView/setSecondaryColor:</TokenIdentifier>
			<Abstract type="html">The secondary color of the M13ProgressView.</Abstract>
			<DeclaredIn>M13ProgressView.h</DeclaredIn>
			
			<Declaration>@property (nonatomic, retain) UIColor *secondaryColor</Declaration>
			
			
			<Anchor>//api/name/secondaryColor</Anchor>
            <NodeRef refid="3"/>
		</Token>
		
		<Token>
			<TokenIdentifier>//apple_ref/occ/instm/M13ProgressView/secondaryColor</TokenIdentifier>
			<Abstract type="html">The secondary color of the M13ProgressView.</Abstract>
			<DeclaredIn>M13ProgressView.h</DeclaredIn>
			
			<Declaration>@property (nonatomic, retain) UIColor *secondaryColor</Declaration>
			
			
			<Anchor>//api/name/secondaryColor</Anchor>
            <NodeRef refid="3"/>
		</Token>
		
		<Token>
			<TokenIdentifier>//apple_ref/occ/instp/M13ProgressView/secondaryColor</TokenIdentifier>
			<Abstract type="html">The secondary color of the M13ProgressView.</Abstract>
			<DeclaredIn>M13ProgressView.h</DeclaredIn>
			
			<Declaration>@property (nonatomic, retain) UIColor *secondaryColor</Declaration>
			
			
			<Anchor>//api/name/secondaryColor</Anchor>
            <NodeRef refid="3"/>
		</Token>
		
		<Token>
			<TokenIdentifier>//apple_ref/occ/instm/M13ProgressView/setIndeterminate:</TokenIdentifier>
			<Abstract type="html">Wether or not the progress view is indeterminate.</Abstract>
			<DeclaredIn>M13ProgressView.h</DeclaredIn>
			
			<Declaration>@property (nonatomic, assign) BOOL indeterminate</Declaration>
			
			
			<Anchor>//api/name/indeterminate</Anchor>
            <NodeRef refid="3"/>
		</Token>
		
		<Token>
			<TokenIdentifier>//apple_ref/occ/instm/M13ProgressView/indeterminate</TokenIdentifier>
			<Abstract type="html">Wether or not the progress view is indeterminate.</Abstract>
			<DeclaredIn>M13ProgressView.h</DeclaredIn>
			
			<Declaration>@property (nonatomic, assign) BOOL indeterminate</Declaration>
			
			
			<Anchor>//api/name/indeterminate</Anchor>
            <NodeRef refid="3"/>
		</Token>
		
		<Token>
			<TokenIdentifier>//apple_ref/occ/instp/M13ProgressView/indeterminate</TokenIdentifier>
			<Abstract type="html">Wether or not the progress view is indeterminate.</Abstract>
			<DeclaredIn>M13ProgressView.h</DeclaredIn>
			
			<Declaration>@property (nonatomic, assign) BOOL indeterminate</Declaration>
			
			
			<Anchor>//api/name/indeterminate</Anchor>
            <NodeRef refid="3"/>
		</Token>
		
		<Token>
			<TokenIdentifier>//apple_ref/occ/instm/M13ProgressView/setAnimationDuration:</TokenIdentifier>
			<Abstract type="html">The durations of animations in seconds.</Abstract>
			<DeclaredIn>M13ProgressView.h</DeclaredIn>
			
			<Declaration>@property (nonatomic, assign) CGFloat animationDuration</Declaration>
			
			
			<Anchor>//api/name/animationDuration</Anchor>
            <NodeRef refid="3"/>
		</Token>
		
		<Token>
			<TokenIdentifier>//apple_ref/occ/instm/M13ProgressView/animationDuration</TokenIdentifier>
			<Abstract type="html">The durations of animations in seconds.</Abstract>
			<DeclaredIn>M13ProgressView.h</DeclaredIn>
			
			<Declaration>@property (nonatomic, assign) CGFloat animationDuration</Declaration>
			
			
			<Anchor>//api/name/animationDuration</Anchor>
            <NodeRef refid="3"/>
		</Token>
		
		<Token>
			<TokenIdentifier>//apple_ref/occ/instp/M13ProgressView/animationDuration</TokenIdentifier>
			<Abstract type="html">The durations of animations in seconds.</Abstract>
			<DeclaredIn>M13ProgressView.h</DeclaredIn>
			
			<Declaration>@property (nonatomic, assign) CGFloat animationDuration</Declaration>
			
			
			<Anchor>//api/name/animationDuration</Anchor>
            <NodeRef refid="3"/>
		</Token>
		
		<Token>
			<TokenIdentifier>//apple_ref/occ/instm/M13ProgressView/setProgress:</TokenIdentifier>
			<Abstract type="html">The progress displayed to the user.</Abstract>
			<DeclaredIn>M13ProgressView.h</DeclaredIn>
			
			<Declaration>@property (nonatomic, readonly) CGFloat progress</Declaration>
			
			
			<Anchor>//api/name/progress</Anchor>
            <NodeRef refid="3"/>
		</Token>
		
		<Token>
			<TokenIdentifier>//apple_ref/occ/instm/M13ProgressView/progress</TokenIdentifier>
			<Abstract type="html">The progress displayed to the user.</Abstract>
			<DeclaredIn>M13ProgressView.h</DeclaredIn>
			
			<Declaration>@property (nonatomic, readonly) CGFloat progress</Declaration>
			
			
			<Anchor>//api/name/progress</Anchor>
            <NodeRef refid="3"/>
		</Token>
		
		<Token>
			<TokenIdentifier>//apple_ref/occ/instp/M13ProgressView/progress</TokenIdentifier>
			<Abstract type="html">The progress displayed to the user.</Abstract>
			<DeclaredIn>M13ProgressView.h</DeclaredIn>
			
			<Declaration>@property (nonatomic, readonly) CGFloat progress</Declaration>
			
			
			<Anchor>//api/name/progress</Anchor>
            <NodeRef refid="3"/>
		</Token>
		
		<Token>
			<TokenIdentifier>//apple_ref/occ/instm/M13ProgressView/setProgress:animated:</TokenIdentifier>
			<Abstract type="html">Set the progress of the M13ProgressView.</Abstract>
			<DeclaredIn>M13ProgressView.h</DeclaredIn>
			
			<Declaration>- (void)setProgress:(CGFloat)progress animated:(BOOL)animated</Declaration>
			<Parameters>
				<Parameter>
					<Name>progress</Name>
					<Abstract type="html">The progress to show on the progress view.</Abstract>
				</Parameter><Parameter>
					<Name>animated</Name>
					<Abstract type="html">Wether or not to animate the progress change.</Abstract>
				</Parameter>
			</Parameters>
			
			<Anchor>//api/name/setProgress:animated:</Anchor>
            <NodeRef refid="3"/>
		</Token>
		
		<Token>
			<TokenIdentifier>//apple_ref/occ/instm/M13ProgressView/performAction:animated:</TokenIdentifier>
			<Abstract type="html">Perform the given action if defined. Usually showing success or failure.</Abstract>
			<DeclaredIn>M13ProgressView.h</DeclaredIn>
			
			<Declaration>- (void)performAction:(M13ProgressViewAction)action animated:(BOOL)animated</Declaration>
			<Parameters>
				<Parameter>
					<Name>action</Name>
					<Abstract type="html">The action to perform.</Abstract>
				</Parameter><Parameter>
					<Name>animated</Name>
					<Abstract type="html">Wether or not to animate the change</Abstract>
				</Parameter>
			</Parameters>
			
			<Anchor>//api/name/performAction:animated:</Anchor>
            <NodeRef refid="3"/>
		</Token>
		
        
	</File>
</Tokens>