<?xml version="1.0" encoding="UTF-8"?>
<Tokens version="1.0">
	<File path="Classes/M13ProgressViewFilteredImage.html">
		
		<Token>
			<TokenIdentifier>//apple_ref/occ/cl/M13ProgressViewFilteredImage</TokenIdentifier>
			<Abstract type="html">A progress view where progress is shown by changes in CIFilters.</Abstract>
			<DeclaredIn>M13ProgressViewFilteredImage.h</DeclaredIn>
            
			
			<NodeRef refid="6"/>
		</Token>
		
		
		<Token>
			<TokenIdentifier>//apple_ref/occ/instm/M13ProgressViewFilteredImage/setProgressImage:</TokenIdentifier>
			<Abstract type="html">The image to use when showing progress.</Abstract>
			<DeclaredIn>M13ProgressViewFilteredImage.h</DeclaredIn>
			
			<Declaration>@property (nonatomic, retain) UIImage *progressImage</Declaration>
			
			
			<Anchor>//api/name/progressImage</Anchor>
            <NodeRef refid="6"/>
		</Token>
		
		<Token>
			<TokenIdentifier>//apple_ref/occ/instm/M13ProgressViewFilteredImage/progressImage</TokenIdentifier>
			<Abstract type="html">The image to use when showing progress.</Abstract>
			<DeclaredIn>M13ProgressViewFilteredImage.h</DeclaredIn>
			
			<Declaration>@property (nonatomic, retain) UIImage *progressImage</Declaration>
			
			
			<Anchor>//api/name/progressImage</Anchor>
            <NodeRef refid="6"/>
		</Token>
		
		<Token>
			<TokenIdentifier>//apple_ref/occ/instp/M13ProgressViewFilteredImage/progressImage</TokenIdentifier>
			<Abstract type="html">The image to use when showing progress.</Abstract>
			<DeclaredIn>M13ProgressViewFilteredImage.h</DeclaredIn>
			
			<Declaration>@property (nonatomic, retain) UIImage *progressImage</Declaration>
			
			
			<Anchor>//api/name/progressImage</Anchor>
            <NodeRef refid="6"/>
		</Token>
		
		<Token>
			<TokenIdentifier>//apple_ref/occ/instm/M13ProgressViewFilteredImage/setProgressView:</TokenIdentifier>
			<Abstract type="html">The UIImageView that shows the progress image.</Abstract>
			<DeclaredIn>M13ProgressViewFilteredImage.h</DeclaredIn>
			
			<Declaration>@property (nonatomic, retain) UIImageView *progressView</Declaration>
			
			
			<Anchor>//api/name/progressView</Anchor>
            <NodeRef refid="6"/>
		</Token>
		
		<Token>
			<TokenIdentifier>//apple_ref/occ/instm/M13ProgressViewFilteredImage/progressView</TokenIdentifier>
			<Abstract type="html">The UIImageView that shows the progress image.</Abstract>
			<DeclaredIn>M13ProgressViewFilteredImage.h</DeclaredIn>
			
			<Declaration>@property (nonatomic, retain) UIImageView *progressView</Declaration>
			
			
			<Anchor>//api/name/progressView</Anchor>
            <NodeRef refid="6"/>
		</Token>
		
		<Token>
			<TokenIdentifier>//apple_ref/occ/instp/M13ProgressViewFilteredImage/progressView</TokenIdentifier>
			<Abstract type="html">The UIImageView that shows the progress image.</Abstract>
			<DeclaredIn>M13ProgressViewFilteredImage.h</DeclaredIn>
			
			<Declaration>@property (nonatomic, retain) UIImageView *progressView</Declaration>
			
			
			<Anchor>//api/name/progressView</Anchor>
            <NodeRef refid="6"/>
		</Token>
		
		<Token>
			<TokenIdentifier>//apple_ref/occ/instm/M13ProgressViewFilteredImage/setFilters:</TokenIdentifier>
			<Abstract type="html">The array of CIFilters to apply to the image.</Abstract>
			<DeclaredIn>M13ProgressViewFilteredImage.h</DeclaredIn>
			
			<Declaration>@property (nonatomic, retain) NSArray *filters</Declaration>
			
			
			<Anchor>//api/name/filters</Anchor>
            <NodeRef refid="6"/>
		</Token>
		
		<Token>
			<TokenIdentifier>//apple_ref/occ/instm/M13ProgressViewFilteredImage/filters</TokenIdentifier>
			<Abstract type="html">The array of CIFilters to apply to the image.</Abstract>
			<DeclaredIn>M13ProgressViewFilteredImage.h</DeclaredIn>
			
			<Declaration>@property (nonatomic, retain) NSArray *filters</Declaration>
			
			
			<Anchor>//api/name/filters</Anchor>
            <NodeRef refid="6"/>
		</Token>
		
		<Token>
			<TokenIdentifier>//apple_ref/occ/instp/M13ProgressViewFilteredImage/filters</TokenIdentifier>
			<Abstract type="html">The array of CIFilters to apply to the image.</Abstract>
			<DeclaredIn>M13ProgressViewFilteredImage.h</DeclaredIn>
			
			<Declaration>@property (nonatomic, retain) NSArray *filters</Declaration>
			
			
			<Anchor>//api/name/filters</Anchor>
            <NodeRef refid="6"/>
		</Token>
		
		<Token>
			<TokenIdentifier>//apple_ref/occ/instm/M13ProgressViewFilteredImage/setFilterParameters:</TokenIdentifier>
			<Abstract type="html">The dictionaries of dictionaries that coresspond to filter properties to be changed.
    NSArray
        |------ NSDictionary (Index matches the coresponding CIFilter in filters
        |               |---- &quot;Parameter Key&quot; -&gt; NSDictionary
        |               |                               |------ &quot;Start Value&quot; -&gt; NSNumber
        |               |                               |------ &quot;End Value&quot; -&gt; NSNumber
        |               |---- &quot;Parameter Key&quot; -&gt; NSDictionary
        |                                               |------ &quot;Start Value&quot; -&gt; NSNumber
        |                                               |------ &quot;End Value&quot; -&gt; NSNumber
        |------ NSDictionary ... </Abstract>
			<DeclaredIn>M13ProgressViewFilteredImage.h</DeclaredIn>
			
			<Declaration>@property (nonatomic, retain) NSArray *filterParameters</Declaration>
			
			
			<Anchor>//api/name/filterParameters</Anchor>
            <NodeRef refid="6"/>
		</Token>
		
		<Token>
			<TokenIdentifier>//apple_ref/occ/instm/M13ProgressViewFilteredImage/filterParameters</TokenIdentifier>
			<Abstract type="html">The dictionaries of dictionaries that coresspond to filter properties to be changed.
    NSArray
        |------ NSDictionary (Index matches the coresponding CIFilter in filters
        |               |---- &quot;Parameter Key&quot; -&gt; NSDictionary
        |               |                               |------ &quot;Start Value&quot; -&gt; NSNumber
        |               |                               |------ &quot;End Value&quot; -&gt; NSNumber
        |               |---- &quot;Parameter Key&quot; -&gt; NSDictionary
        |                                               |------ &quot;Start Value&quot; -&gt; NSNumber
        |                                               |------ &quot;End Value&quot; -&gt; NSNumber
        |------ NSDictionary ... </Abstract>
			<DeclaredIn>M13ProgressViewFilteredImage.h</DeclaredIn>
			
			<Declaration>@property (nonatomic, retain) NSArray *filterParameters</Declaration>
			
			
			<Anchor>//api/name/filterParameters</Anchor>
            <NodeRef refid="6"/>
		</Token>
		
		<Token>
			<TokenIdentifier>//apple_ref/occ/instp/M13ProgressViewFilteredImage/filterParameters</TokenIdentifier>
			<Abstract type="html">The dictionaries of dictionaries that coresspond to filter properties to be changed.
    NSArray
        |------ NSDictionary (Index matches the coresponding CIFilter in filters
        |               |---- &quot;Parameter Key&quot; -&gt; NSDictionary
        |               |                               |------ &quot;Start Value&quot; -&gt; NSNumber
        |               |                               |------ &quot;End Value&quot; -&gt; NSNumber
        |               |---- &quot;Parameter Key&quot; -&gt; NSDictionary
        |                                               |------ &quot;Start Value&quot; -&gt; NSNumber
        |                                               |------ &quot;End Value&quot; -&gt; NSNumber
        |------ NSDictionary ... </Abstract>
			<DeclaredIn>M13ProgressViewFilteredImage.h</DeclaredIn>
			
			<Declaration>@property (nonatomic, retain) NSArray *filterParameters</Declaration>
			
			
			<Anchor>//api/name/filterParameters</Anchor>
            <NodeRef refid="6"/>
		</Token>
		
		<Token>
			<TokenIdentifier>//apple_ref/occ/instm/M13ProgressViewFilteredImage/setProgress:animated:</TokenIdentifier>
			<Abstract type="html">Set the progress of the M13ProgressView.</Abstract>
			<DeclaredIn>M13ProgressViewFilteredImage.m</DeclaredIn>
			
			<Declaration>- (void)setProgress:(CGFloat)progress animated:(BOOL)animated</Declaration>
			<Parameters>
				<Parameter>
					<Name>progress</Name>
					<Abstract type="html">The progress to show on the progress view.</Abstract>
				</Parameter><Parameter>
					<Name>animated</Name>
					<Abstract type="html">Wether or not to animate the progress change.</Abstract>
				</Parameter>
			</Parameters>
			
			<Anchor>//api/name/setProgress:animated:</Anchor>
            <NodeRef refid="6"/>
		</Token>
		
		<Token>
			<TokenIdentifier>//apple_ref/occ/instm/M13ProgressViewFilteredImage/performAction:animated:</TokenIdentifier>
			<Abstract type="html">Perform the given action if defined. Usually showing success or failure.</Abstract>
			<DeclaredIn>M13ProgressViewFilteredImage.m</DeclaredIn>
			
			<Declaration>- (void)performAction:(M13ProgressViewAction)action animated:(BOOL)animated</Declaration>
			<Parameters>
				<Parameter>
					<Name>action</Name>
					<Abstract type="html">The action to perform.</Abstract>
				</Parameter><Parameter>
					<Name>animated</Name>
					<Abstract type="html">Wether or not to animate the change</Abstract>
				</Parameter>
			</Parameters>
			
			<Anchor>//api/name/performAction:animated:</Anchor>
            <NodeRef refid="6"/>
		</Token>
		
		<Token>
			<TokenIdentifier>//apple_ref/occ/instm/M13ProgressViewFilteredImage/setIndeterminate:</TokenIdentifier>
			<Abstract type="html">Wether or not the progress view is indeterminate.</Abstract>
			<DeclaredIn>M13ProgressViewFilteredImage.m</DeclaredIn>
			
			<Declaration>- (void)setIndeterminate:(BOOL)indeterminate</Declaration>
			
			
			<Anchor>//api/name/setIndeterminate:</Anchor>
            <NodeRef refid="6"/>
		</Token>
		
		<Token>
			<TokenIdentifier>//apple_ref/occ/instm/M13ProgressViewFilteredImage/setAnimationFromValue:</TokenIdentifier>
			<Abstract type="html">The start progress for the progress animation.</Abstract>
			<DeclaredIn>M13ProgressViewFilteredImage.m</DeclaredIn>
			
			<Declaration>@property (nonatomic, assign) CGFloat animationFromValue</Declaration>
			
			
			<Anchor>//api/name/animationFromValue</Anchor>
            <NodeRef refid="6"/>
		</Token>
		
		<Token>
			<TokenIdentifier>//apple_ref/occ/instm/M13ProgressViewFilteredImage/animationFromValue</TokenIdentifier>
			<Abstract type="html">The start progress for the progress animation.</Abstract>
			<DeclaredIn>M13ProgressViewFilteredImage.m</DeclaredIn>
			
			<Declaration>@property (nonatomic, assign) CGFloat animationFromValue</Declaration>
			
			
			<Anchor>//api/name/animationFromValue</Anchor>
            <NodeRef refid="6"/>
		</Token>
		
		<Token>
			<TokenIdentifier>//apple_ref/occ/instp/M13ProgressViewFilteredImage/animationFromValue</TokenIdentifier>
			<Abstract type="html">The start progress for the progress animation.</Abstract>
			<DeclaredIn>M13ProgressViewFilteredImage.m</DeclaredIn>
			
			<Declaration>@property (nonatomic, assign) CGFloat animationFromValue</Declaration>
			
			
			<Anchor>//api/name/animationFromValue</Anchor>
            <NodeRef refid="6"/>
		</Token>
		
		<Token>
			<TokenIdentifier>//apple_ref/occ/instm/M13ProgressViewFilteredImage/setAnimationToValue:</TokenIdentifier>
			<Abstract type="html">The end progress for the progress animation.</Abstract>
			<DeclaredIn>M13ProgressViewFilteredImage.m</DeclaredIn>
			
			<Declaration>@property (nonatomic, assign) CGFloat animationToValue</Declaration>
			
			
			<Anchor>//api/name/animationToValue</Anchor>
            <NodeRef refid="6"/>
		</Token>
		
		<Token>
			<TokenIdentifier>//apple_ref/occ/instm/M13ProgressViewFilteredImage/animationToValue</TokenIdentifier>
			<Abstract type="html">The end progress for the progress animation.</Abstract>
			<DeclaredIn>M13ProgressViewFilteredImage.m</DeclaredIn>
			
			<Declaration>@property (nonatomic, assign) CGFloat animationToValue</Declaration>
			
			
			<Anchor>//api/name/animationToValue</Anchor>
            <NodeRef refid="6"/>
		</Token>
		
		<Token>
			<TokenIdentifier>//apple_ref/occ/instp/M13ProgressViewFilteredImage/animationToValue</TokenIdentifier>
			<Abstract type="html">The end progress for the progress animation.</Abstract>
			<DeclaredIn>M13ProgressViewFilteredImage.m</DeclaredIn>
			
			<Declaration>@property (nonatomic, assign) CGFloat animationToValue</Declaration>
			
			
			<Anchor>//api/name/animationToValue</Anchor>
            <NodeRef refid="6"/>
		</Token>
		
		<Token>
			<TokenIdentifier>//apple_ref/occ/instm/M13ProgressViewFilteredImage/setAnimationStartTime:</TokenIdentifier>
			<Abstract type="html">The start time interval for the animaiton.</Abstract>
			<DeclaredIn>M13ProgressViewFilteredImage.m</DeclaredIn>
			
			<Declaration>@property (nonatomic, assign) CFTimeInterval animationStartTime</Declaration>
			
			
			<Anchor>//api/name/animationStartTime</Anchor>
            <NodeRef refid="6"/>
		</Token>
		
		<Token>
			<TokenIdentifier>//apple_ref/occ/instm/M13ProgressViewFilteredImage/animationStartTime</TokenIdentifier>
			<Abstract type="html">The start time interval for the animaiton.</Abstract>
			<DeclaredIn>M13ProgressViewFilteredImage.m</DeclaredIn>
			
			<Declaration>@property (nonatomic, assign) CFTimeInterval animationStartTime</Declaration>
			
			
			<Anchor>//api/name/animationStartTime</Anchor>
            <NodeRef refid="6"/>
		</Token>
		
		<Token>
			<TokenIdentifier>//apple_ref/occ/instp/M13ProgressViewFilteredImage/animationStartTime</TokenIdentifier>
			<Abstract type="html">The start time interval for the animaiton.</Abstract>
			<DeclaredIn>M13ProgressViewFilteredImage.m</DeclaredIn>
			
			<Declaration>@property (nonatomic, assign) CFTimeInterval animationStartTime</Declaration>
			
			
			<Anchor>//api/name/animationStartTime</Anchor>
            <NodeRef refid="6"/>
		</Token>
		
		<Token>
			<TokenIdentifier>//apple_ref/occ/instm/M13ProgressViewFilteredImage/setDisplayLink:</TokenIdentifier>
			<Abstract type="html">Link to the display to keep animations in sync.</Abstract>
			<DeclaredIn>M13ProgressViewFilteredImage.m</DeclaredIn>
			
			<Declaration>@property (nonatomic, strong) CADisplayLink *displayLink</Declaration>
			
			
			<Anchor>//api/name/displayLink</Anchor>
            <NodeRef refid="6"/>
		</Token>
		
		<Token>
			<TokenIdentifier>//apple_ref/occ/instm/M13ProgressViewFilteredImage/displayLink</TokenIdentifier>
			<Abstract type="html">Link to the display to keep animations in sync.</Abstract>
			<DeclaredIn>M13ProgressViewFilteredImage.m</DeclaredIn>
			
			<Declaration>@property (nonatomic, strong) CADisplayLink *displayLink</Declaration>
			
			
			<Anchor>//api/name/displayLink</Anchor>
            <NodeRef refid="6"/>
		</Token>
		
		<Token>
			<TokenIdentifier>//apple_ref/occ/instp/M13ProgressViewFilteredImage/displayLink</TokenIdentifier>
			<Abstract type="html">Link to the display to keep animations in sync.</Abstract>
			<DeclaredIn>M13ProgressViewFilteredImage.m</DeclaredIn>
			
			<Declaration>@property (nonatomic, strong) CADisplayLink *displayLink</Declaration>
			
			
			<Anchor>//api/name/displayLink</Anchor>
            <NodeRef refid="6"/>
		</Token>
		
        
	</File>
</Tokens>