<?xml version="1.0" encoding="UTF-8"?>
<Tokens version="1.0">
	<File path="Classes/M13ProgressViewStripedBar.html">
		
		<Token>
			<TokenIdentifier>//apple_ref/occ/cl/M13ProgressViewStripedBar</TokenIdentifier>
			<Abstract type="html">A progress bar that is striped, and can animate the stripes if desired.</Abstract>
			<DeclaredIn>M13ProgressViewStripedBar.h</DeclaredIn>
            
			
			<NodeRef refid="17"/>
		</Token>
		
		
		<Token>
			<TokenIdentifier>//apple_ref/occ/instm/M13ProgressViewStripedBar/setCornerType:</TokenIdentifier>
			<Abstract type="html">The type of corner to display on the bar.</Abstract>
			<DeclaredIn>M13ProgressViewStripedBar.h</DeclaredIn>
			
			<Declaration>@property (nonatomic, assign) M13ProgressViewStripedBarCornerType cornerType</Declaration>
			
			
			<Anchor>//api/name/cornerType</Anchor>
            <NodeRef refid="17"/>
		</Token>
		
		<Token>
			<TokenIdentifier>//apple_ref/occ/instm/M13ProgressViewStripedBar/cornerType</TokenIdentifier>
			<Abstract type="html">The type of corner to display on the bar.</Abstract>
			<DeclaredIn>M13ProgressViewStripedBar.h</DeclaredIn>
			
			<Declaration>@property (nonatomic, assign) M13ProgressViewStripedBarCornerType cornerType</Declaration>
			
			
			<Anchor>//api/name/cornerType</Anchor>
            <NodeRef refid="17"/>
		</Token>
		
		<Token>
			<TokenIdentifier>//apple_ref/occ/instp/M13ProgressViewStripedBar/cornerType</TokenIdentifier>
			<Abstract type="html">The type of corner to display on the bar.</Abstract>
			<DeclaredIn>M13ProgressViewStripedBar.h</DeclaredIn>
			
			<Declaration>@property (nonatomic, assign) M13ProgressViewStripedBarCornerType cornerType</Declaration>
			
			
			<Anchor>//api/name/cornerType</Anchor>
            <NodeRef refid="17"/>
		</Token>
		
		<Token>
			<TokenIdentifier>//apple_ref/occ/instm/M13ProgressViewStripedBar/setCornerRadius:</TokenIdentifier>
			<Abstract type="html">The radius of the corner if the corner type is set to rounded rect.</Abstract>
			<DeclaredIn>M13ProgressViewStripedBar.h</DeclaredIn>
			
			<Declaration>@property (nonatomic, assign) CGFloat cornerRadius</Declaration>
			
			
			<Anchor>//api/name/cornerRadius</Anchor>
            <NodeRef refid="17"/>
		</Token>
		
		<Token>
			<TokenIdentifier>//apple_ref/occ/instm/M13ProgressViewStripedBar/cornerRadius</TokenIdentifier>
			<Abstract type="html">The radius of the corner if the corner type is set to rounded rect.</Abstract>
			<DeclaredIn>M13ProgressViewStripedBar.h</DeclaredIn>
			
			<Declaration>@property (nonatomic, assign) CGFloat cornerRadius</Declaration>
			
			
			<Anchor>//api/name/cornerRadius</Anchor>
            <NodeRef refid="17"/>
		</Token>
		
		<Token>
			<TokenIdentifier>//apple_ref/occ/instp/M13ProgressViewStripedBar/cornerRadius</TokenIdentifier>
			<Abstract type="html">The radius of the corner if the corner type is set to rounded rect.</Abstract>
			<DeclaredIn>M13ProgressViewStripedBar.h</DeclaredIn>
			
			<Declaration>@property (nonatomic, assign) CGFloat cornerRadius</Declaration>
			
			
			<Anchor>//api/name/cornerRadius</Anchor>
            <NodeRef refid="17"/>
		</Token>
		
		<Token>
			<TokenIdentifier>//apple_ref/occ/instm/M13ProgressViewStripedBar/setStripeWidth:</TokenIdentifier>
			<Abstract type="html">The width of the stripes if shown.</Abstract>
			<DeclaredIn>M13ProgressViewStripedBar.h</DeclaredIn>
			
			<Declaration>@property (nonatomic, assign) CGFloat stripeWidth</Declaration>
			
			
			<Anchor>//api/name/stripeWidth</Anchor>
            <NodeRef refid="17"/>
		</Token>
		
		<Token>
			<TokenIdentifier>//apple_ref/occ/instm/M13ProgressViewStripedBar/stripeWidth</TokenIdentifier>
			<Abstract type="html">The width of the stripes if shown.</Abstract>
			<DeclaredIn>M13ProgressViewStripedBar.h</DeclaredIn>
			
			<Declaration>@property (nonatomic, assign) CGFloat stripeWidth</Declaration>
			
			
			<Anchor>//api/name/stripeWidth</Anchor>
            <NodeRef refid="17"/>
		</Token>
		
		<Token>
			<TokenIdentifier>//apple_ref/occ/instp/M13ProgressViewStripedBar/stripeWidth</TokenIdentifier>
			<Abstract type="html">The width of the stripes if shown.</Abstract>
			<DeclaredIn>M13ProgressViewStripedBar.h</DeclaredIn>
			
			<Declaration>@property (nonatomic, assign) CGFloat stripeWidth</Declaration>
			
			
			<Anchor>//api/name/stripeWidth</Anchor>
            <NodeRef refid="17"/>
		</Token>
		
		<Token>
			<TokenIdentifier>//apple_ref/occ/instm/M13ProgressViewStripedBar/setAnimateStripes:</TokenIdentifier>
			<Abstract type="html">Wether or not the stripes are animated.</Abstract>
			<DeclaredIn>M13ProgressViewStripedBar.h</DeclaredIn>
			
			<Declaration>@property (nonatomic, assign) BOOL animateStripes</Declaration>
			
			
			<Anchor>//api/name/animateStripes</Anchor>
            <NodeRef refid="17"/>
		</Token>
		
		<Token>
			<TokenIdentifier>//apple_ref/occ/instm/M13ProgressViewStripedBar/animateStripes</TokenIdentifier>
			<Abstract type="html">Wether or not the stripes are animated.</Abstract>
			<DeclaredIn>M13ProgressViewStripedBar.h</DeclaredIn>
			
			<Declaration>@property (nonatomic, assign) BOOL animateStripes</Declaration>
			
			
			<Anchor>//api/name/animateStripes</Anchor>
            <NodeRef refid="17"/>
		</Token>
		
		<Token>
			<TokenIdentifier>//apple_ref/occ/instp/M13ProgressViewStripedBar/animateStripes</TokenIdentifier>
			<Abstract type="html">Wether or not the stripes are animated.</Abstract>
			<DeclaredIn>M13ProgressViewStripedBar.h</DeclaredIn>
			
			<Declaration>@property (nonatomic, assign) BOOL animateStripes</Declaration>
			
			
			<Anchor>//api/name/animateStripes</Anchor>
            <NodeRef refid="17"/>
		</Token>
		
		<Token>
			<TokenIdentifier>//apple_ref/occ/instm/M13ProgressViewStripedBar/setShowStripes:</TokenIdentifier>
			<Abstract type="html">Wether or not to show the stripes.</Abstract>
			<DeclaredIn>M13ProgressViewStripedBar.h</DeclaredIn>
			
			<Declaration>@property (nonatomic, assign) BOOL showStripes</Declaration>
			
			
			<Anchor>//api/name/showStripes</Anchor>
            <NodeRef refid="17"/>
		</Token>
		
		<Token>
			<TokenIdentifier>//apple_ref/occ/instm/M13ProgressViewStripedBar/showStripes</TokenIdentifier>
			<Abstract type="html">Wether or not to show the stripes.</Abstract>
			<DeclaredIn>M13ProgressViewStripedBar.h</DeclaredIn>
			
			<Declaration>@property (nonatomic, assign) BOOL showStripes</Declaration>
			
			
			<Anchor>//api/name/showStripes</Anchor>
            <NodeRef refid="17"/>
		</Token>
		
		<Token>
			<TokenIdentifier>//apple_ref/occ/instp/M13ProgressViewStripedBar/showStripes</TokenIdentifier>
			<Abstract type="html">Wether or not to show the stripes.</Abstract>
			<DeclaredIn>M13ProgressViewStripedBar.h</DeclaredIn>
			
			<Declaration>@property (nonatomic, assign) BOOL showStripes</Declaration>
			
			
			<Anchor>//api/name/showStripes</Anchor>
            <NodeRef refid="17"/>
		</Token>
		
		<Token>
			<TokenIdentifier>//apple_ref/occ/instm/M13ProgressViewStripedBar/setStripeColor:</TokenIdentifier>
			<Abstract type="html">The color of the stripes.</Abstract>
			<DeclaredIn>M13ProgressViewStripedBar.h</DeclaredIn>
			
			<Declaration>@property (nonatomic, retain) UIColor *stripeColor</Declaration>
			
			
			<Anchor>//api/name/stripeColor</Anchor>
            <NodeRef refid="17"/>
		</Token>
		
		<Token>
			<TokenIdentifier>//apple_ref/occ/instm/M13ProgressViewStripedBar/stripeColor</TokenIdentifier>
			<Abstract type="html">The color of the stripes.</Abstract>
			<DeclaredIn>M13ProgressViewStripedBar.h</DeclaredIn>
			
			<Declaration>@property (nonatomic, retain) UIColor *stripeColor</Declaration>
			
			
			<Anchor>//api/name/stripeColor</Anchor>
            <NodeRef refid="17"/>
		</Token>
		
		<Token>
			<TokenIdentifier>//apple_ref/occ/instp/M13ProgressViewStripedBar/stripeColor</TokenIdentifier>
			<Abstract type="html">The color of the stripes.</Abstract>
			<DeclaredIn>M13ProgressViewStripedBar.h</DeclaredIn>
			
			<Declaration>@property (nonatomic, retain) UIColor *stripeColor</Declaration>
			
			
			<Anchor>//api/name/stripeColor</Anchor>
            <NodeRef refid="17"/>
		</Token>
		
		<Token>
			<TokenIdentifier>//apple_ref/occ/instm/M13ProgressViewStripedBar/setBorderWidth:</TokenIdentifier>
			<Abstract type="html">The width of the border.</Abstract>
			<DeclaredIn>M13ProgressViewStripedBar.h</DeclaredIn>
			
			<Declaration>@property (nonatomic, assign) CGFloat borderWidth</Declaration>
			
			
			<Anchor>//api/name/borderWidth</Anchor>
            <NodeRef refid="17"/>
		</Token>
		
		<Token>
			<TokenIdentifier>//apple_ref/occ/instm/M13ProgressViewStripedBar/borderWidth</TokenIdentifier>
			<Abstract type="html">The width of the border.</Abstract>
			<DeclaredIn>M13ProgressViewStripedBar.h</DeclaredIn>
			
			<Declaration>@property (nonatomic, assign) CGFloat borderWidth</Declaration>
			
			
			<Anchor>//api/name/borderWidth</Anchor>
            <NodeRef refid="17"/>
		</Token>
		
		<Token>
			<TokenIdentifier>//apple_ref/occ/instp/M13ProgressViewStripedBar/borderWidth</TokenIdentifier>
			<Abstract type="html">The width of the border.</Abstract>
			<DeclaredIn>M13ProgressViewStripedBar.h</DeclaredIn>
			
			<Declaration>@property (nonatomic, assign) CGFloat borderWidth</Declaration>
			
			
			<Anchor>//api/name/borderWidth</Anchor>
            <NodeRef refid="17"/>
		</Token>
		
		<Token>
			<TokenIdentifier>//apple_ref/occ/instm/M13ProgressViewStripedBar/setPrimaryColor:</TokenIdentifier>
			<Abstract type="html">The primary color of the M13ProgressView.</Abstract>
			<DeclaredIn>M13ProgressViewStripedBar.m</DeclaredIn>
			
			<Declaration>- (void)setPrimaryColor:(UIColor *)primaryColor</Declaration>
			
			
			<Anchor>//api/name/setPrimaryColor:</Anchor>
            <NodeRef refid="17"/>
		</Token>
		
		<Token>
			<TokenIdentifier>//apple_ref/occ/instm/M13ProgressViewStripedBar/setSecondaryColor:</TokenIdentifier>
			<Abstract type="html">The secondary color of the M13ProgressView.</Abstract>
			<DeclaredIn>M13ProgressViewStripedBar.m</DeclaredIn>
			
			<Declaration>- (void)setSecondaryColor:(UIColor *)secondaryColor</Declaration>
			
			
			<Anchor>//api/name/setSecondaryColor:</Anchor>
            <NodeRef refid="17"/>
		</Token>
		
		<Token>
			<TokenIdentifier>//apple_ref/occ/instm/M13ProgressViewStripedBar/setProgress:animated:</TokenIdentifier>
			<Abstract type="html">Set the progress of the M13ProgressView.</Abstract>
			<DeclaredIn>M13ProgressViewStripedBar.m</DeclaredIn>
			
			<Declaration>- (void)setProgress:(CGFloat)progress animated:(BOOL)animated</Declaration>
			<Parameters>
				<Parameter>
					<Name>progress</Name>
					<Abstract type="html">The progress to show on the progress view.</Abstract>
				</Parameter><Parameter>
					<Name>animated</Name>
					<Abstract type="html">Wether or not to animate the progress change.</Abstract>
				</Parameter>
			</Parameters>
			
			<Anchor>//api/name/setProgress:animated:</Anchor>
            <NodeRef refid="17"/>
		</Token>
		
		<Token>
			<TokenIdentifier>//apple_ref/occ/instm/M13ProgressViewStripedBar/performAction:animated:</TokenIdentifier>
			<Abstract type="html">Perform the given action if defined. Usually showing success or failure.</Abstract>
			<DeclaredIn>M13ProgressViewStripedBar.m</DeclaredIn>
			
			<Declaration>- (void)performAction:(M13ProgressViewAction)action animated:(BOOL)animated</Declaration>
			<Parameters>
				<Parameter>
					<Name>action</Name>
					<Abstract type="html">The action to perform.</Abstract>
				</Parameter><Parameter>
					<Name>animated</Name>
					<Abstract type="html">Wether or not to animate the change</Abstract>
				</Parameter>
			</Parameters>
			
			<Anchor>//api/name/performAction:animated:</Anchor>
            <NodeRef refid="17"/>
		</Token>
		
		<Token>
			<TokenIdentifier>//apple_ref/occ/instm/M13ProgressViewStripedBar/setIndeterminate:</TokenIdentifier>
			<Abstract type="html">Wether or not the progress view is indeterminate.</Abstract>
			<DeclaredIn>M13ProgressViewStripedBar.m</DeclaredIn>
			
			<Declaration>- (void)setIndeterminate:(BOOL)indeterminate</Declaration>
			
			
			<Anchor>//api/name/setIndeterminate:</Anchor>
            <NodeRef refid="17"/>
		</Token>
		
		<Token>
			<TokenIdentifier>//apple_ref/occ/instm/M13ProgressViewStripedBar/setAnimationFromValue:</TokenIdentifier>
			<Abstract type="html">The start progress for the progress animation.</Abstract>
			<DeclaredIn>M13ProgressViewStripedBar.m</DeclaredIn>
			
			<Declaration>@property (nonatomic, assign) CGFloat animationFromValue</Declaration>
			
			
			<Anchor>//api/name/animationFromValue</Anchor>
            <NodeRef refid="17"/>
		</Token>
		
		<Token>
			<TokenIdentifier>//apple_ref/occ/instm/M13ProgressViewStripedBar/animationFromValue</TokenIdentifier>
			<Abstract type="html">The start progress for the progress animation.</Abstract>
			<DeclaredIn>M13ProgressViewStripedBar.m</DeclaredIn>
			
			<Declaration>@property (nonatomic, assign) CGFloat animationFromValue</Declaration>
			
			
			<Anchor>//api/name/animationFromValue</Anchor>
            <NodeRef refid="17"/>
		</Token>
		
		<Token>
			<TokenIdentifier>//apple_ref/occ/instp/M13ProgressViewStripedBar/animationFromValue</TokenIdentifier>
			<Abstract type="html">The start progress for the progress animation.</Abstract>
			<DeclaredIn>M13ProgressViewStripedBar.m</DeclaredIn>
			
			<Declaration>@property (nonatomic, assign) CGFloat animationFromValue</Declaration>
			
			
			<Anchor>//api/name/animationFromValue</Anchor>
            <NodeRef refid="17"/>
		</Token>
		
		<Token>
			<TokenIdentifier>//apple_ref/occ/instm/M13ProgressViewStripedBar/setAnimationToValue:</TokenIdentifier>
			<Abstract type="html">The end progress for the progress animation.</Abstract>
			<DeclaredIn>M13ProgressViewStripedBar.m</DeclaredIn>
			
			<Declaration>@property (nonatomic, assign) CGFloat animationToValue</Declaration>
			
			
			<Anchor>//api/name/animationToValue</Anchor>
            <NodeRef refid="17"/>
		</Token>
		
		<Token>
			<TokenIdentifier>//apple_ref/occ/instm/M13ProgressViewStripedBar/animationToValue</TokenIdentifier>
			<Abstract type="html">The end progress for the progress animation.</Abstract>
			<DeclaredIn>M13ProgressViewStripedBar.m</DeclaredIn>
			
			<Declaration>@property (nonatomic, assign) CGFloat animationToValue</Declaration>
			
			
			<Anchor>//api/name/animationToValue</Anchor>
            <NodeRef refid="17"/>
		</Token>
		
		<Token>
			<TokenIdentifier>//apple_ref/occ/instp/M13ProgressViewStripedBar/animationToValue</TokenIdentifier>
			<Abstract type="html">The end progress for the progress animation.</Abstract>
			<DeclaredIn>M13ProgressViewStripedBar.m</DeclaredIn>
			
			<Declaration>@property (nonatomic, assign) CGFloat animationToValue</Declaration>
			
			
			<Anchor>//api/name/animationToValue</Anchor>
            <NodeRef refid="17"/>
		</Token>
		
		<Token>
			<TokenIdentifier>//apple_ref/occ/instm/M13ProgressViewStripedBar/setAnimationStartTime:</TokenIdentifier>
			<Abstract type="html">The start time interval for the animaiton.</Abstract>
			<DeclaredIn>M13ProgressViewStripedBar.m</DeclaredIn>
			
			<Declaration>@property (nonatomic, assign) CFTimeInterval animationStartTime</Declaration>
			
			
			<Anchor>//api/name/animationStartTime</Anchor>
            <NodeRef refid="17"/>
		</Token>
		
		<Token>
			<TokenIdentifier>//apple_ref/occ/instm/M13ProgressViewStripedBar/animationStartTime</TokenIdentifier>
			<Abstract type="html">The start time interval for the animaiton.</Abstract>
			<DeclaredIn>M13ProgressViewStripedBar.m</DeclaredIn>
			
			<Declaration>@property (nonatomic, assign) CFTimeInterval animationStartTime</Declaration>
			
			
			<Anchor>//api/name/animationStartTime</Anchor>
            <NodeRef refid="17"/>
		</Token>
		
		<Token>
			<TokenIdentifier>//apple_ref/occ/instp/M13ProgressViewStripedBar/animationStartTime</TokenIdentifier>
			<Abstract type="html">The start time interval for the animaiton.</Abstract>
			<DeclaredIn>M13ProgressViewStripedBar.m</DeclaredIn>
			
			<Declaration>@property (nonatomic, assign) CFTimeInterval animationStartTime</Declaration>
			
			
			<Anchor>//api/name/animationStartTime</Anchor>
            <NodeRef refid="17"/>
		</Token>
		
		<Token>
			<TokenIdentifier>//apple_ref/occ/instm/M13ProgressViewStripedBar/setDisplayLink:</TokenIdentifier>
			<Abstract type="html">Link to the display to keep animations in sync.</Abstract>
			<DeclaredIn>M13ProgressViewStripedBar.m</DeclaredIn>
			
			<Declaration>@property (nonatomic, strong) CADisplayLink *displayLink</Declaration>
			
			
			<Anchor>//api/name/displayLink</Anchor>
            <NodeRef refid="17"/>
		</Token>
		
		<Token>
			<TokenIdentifier>//apple_ref/occ/instm/M13ProgressViewStripedBar/displayLink</TokenIdentifier>
			<Abstract type="html">Link to the display to keep animations in sync.</Abstract>
			<DeclaredIn>M13ProgressViewStripedBar.m</DeclaredIn>
			
			<Declaration>@property (nonatomic, strong) CADisplayLink *displayLink</Declaration>
			
			
			<Anchor>//api/name/displayLink</Anchor>
            <NodeRef refid="17"/>
		</Token>
		
		<Token>
			<TokenIdentifier>//apple_ref/occ/instp/M13ProgressViewStripedBar/displayLink</TokenIdentifier>
			<Abstract type="html">Link to the display to keep animations in sync.</Abstract>
			<DeclaredIn>M13ProgressViewStripedBar.m</DeclaredIn>
			
			<Declaration>@property (nonatomic, strong) CADisplayLink *displayLink</Declaration>
			
			
			<Anchor>//api/name/displayLink</Anchor>
            <NodeRef refid="17"/>
		</Token>
		
		<Token>
			<TokenIdentifier>//apple_ref/occ/instm/M13ProgressViewStripedBar/setProgress:</TokenIdentifier>
			<Abstract type="html">Allow us to write to the progress.</Abstract>
			<DeclaredIn>M13ProgressViewStripedBar.m</DeclaredIn>
			
			<Declaration>@property (nonatomic, readwrite) CGFloat progress</Declaration>
			
			
			<Anchor>//api/name/progress</Anchor>
            <NodeRef refid="17"/>
		</Token>
		
		<Token>
			<TokenIdentifier>//apple_ref/occ/instm/M13ProgressViewStripedBar/progress</TokenIdentifier>
			<Abstract type="html">Allow us to write to the progress.</Abstract>
			<DeclaredIn>M13ProgressViewStripedBar.m</DeclaredIn>
			
			<Declaration>@property (nonatomic, readwrite) CGFloat progress</Declaration>
			
			
			<Anchor>//api/name/progress</Anchor>
            <NodeRef refid="17"/>
		</Token>
		
		<Token>
			<TokenIdentifier>//apple_ref/occ/instp/M13ProgressViewStripedBar/progress</TokenIdentifier>
			<Abstract type="html">Allow us to write to the progress.</Abstract>
			<DeclaredIn>M13ProgressViewStripedBar.m</DeclaredIn>
			
			<Declaration>@property (nonatomic, readwrite) CGFloat progress</Declaration>
			
			
			<Anchor>//api/name/progress</Anchor>
            <NodeRef refid="17"/>
		</Token>
		
		<Token>
			<TokenIdentifier>//apple_ref/occ/instm/M13ProgressViewStripedBar/setProgressSuperLayer:</TokenIdentifier>
			<Abstract type="html">The layer that contains the progress layer. That also masks the progress layer.</Abstract>
			<DeclaredIn>M13ProgressViewStripedBar.m</DeclaredIn>
			
			<Declaration>@property (nonatomic, retain) CALayer *progressSuperLayer</Declaration>
			
			
			<Anchor>//api/name/progressSuperLayer</Anchor>
            <NodeRef refid="17"/>
		</Token>
		
		<Token>
			<TokenIdentifier>//apple_ref/occ/instm/M13ProgressViewStripedBar/progressSuperLayer</TokenIdentifier>
			<Abstract type="html">The layer that contains the progress layer. That also masks the progress layer.</Abstract>
			<DeclaredIn>M13ProgressViewStripedBar.m</DeclaredIn>
			
			<Declaration>@property (nonatomic, retain) CALayer *progressSuperLayer</Declaration>
			
			
			<Anchor>//api/name/progressSuperLayer</Anchor>
            <NodeRef refid="17"/>
		</Token>
		
		<Token>
			<TokenIdentifier>//apple_ref/occ/instp/M13ProgressViewStripedBar/progressSuperLayer</TokenIdentifier>
			<Abstract type="html">The layer that contains the progress layer. That also masks the progress layer.</Abstract>
			<DeclaredIn>M13ProgressViewStripedBar.m</DeclaredIn>
			
			<Declaration>@property (nonatomic, retain) CALayer *progressSuperLayer</Declaration>
			
			
			<Anchor>//api/name/progressSuperLayer</Anchor>
            <NodeRef refid="17"/>
		</Token>
		
		<Token>
			<TokenIdentifier>//apple_ref/occ/instm/M13ProgressViewStripedBar/setProgressLayer:</TokenIdentifier>
			<Abstract type="html">The layer that displays progress in the progress bar.</Abstract>
			<DeclaredIn>M13ProgressViewStripedBar.m</DeclaredIn>
			
			<Declaration>@property (nonatomic, retain) CALayer *progressLayer</Declaration>
			
			
			<Anchor>//api/name/progressLayer</Anchor>
            <NodeRef refid="17"/>
		</Token>
		
		<Token>
			<TokenIdentifier>//apple_ref/occ/instm/M13ProgressViewStripedBar/progressLayer</TokenIdentifier>
			<Abstract type="html">The layer that displays progress in the progress bar.</Abstract>
			<DeclaredIn>M13ProgressViewStripedBar.m</DeclaredIn>
			
			<Declaration>@property (nonatomic, retain) CALayer *progressLayer</Declaration>
			
			
			<Anchor>//api/name/progressLayer</Anchor>
            <NodeRef refid="17"/>
		</Token>
		
		<Token>
			<TokenIdentifier>//apple_ref/occ/instp/M13ProgressViewStripedBar/progressLayer</TokenIdentifier>
			<Abstract type="html">The layer that displays progress in the progress bar.</Abstract>
			<DeclaredIn>M13ProgressViewStripedBar.m</DeclaredIn>
			
			<Declaration>@property (nonatomic, retain) CALayer *progressLayer</Declaration>
			
			
			<Anchor>//api/name/progressLayer</Anchor>
            <NodeRef refid="17"/>
		</Token>
		
		<Token>
			<TokenIdentifier>//apple_ref/occ/instm/M13ProgressViewStripedBar/setProgressMaskLayer:</TokenIdentifier>
			<Abstract type="html">The layer that masks the stripes of the progress layer.</Abstract>
			<DeclaredIn>M13ProgressViewStripedBar.m</DeclaredIn>
			
			<Declaration>@property (nonatomic, retain) CAShapeLayer *progressMaskLayer</Declaration>
			
			
			<Anchor>//api/name/progressMaskLayer</Anchor>
            <NodeRef refid="17"/>
		</Token>
		
		<Token>
			<TokenIdentifier>//apple_ref/occ/instm/M13ProgressViewStripedBar/progressMaskLayer</TokenIdentifier>
			<Abstract type="html">The layer that masks the stripes of the progress layer.</Abstract>
			<DeclaredIn>M13ProgressViewStripedBar.m</DeclaredIn>
			
			<Declaration>@property (nonatomic, retain) CAShapeLayer *progressMaskLayer</Declaration>
			
			
			<Anchor>//api/name/progressMaskLayer</Anchor>
            <NodeRef refid="17"/>
		</Token>
		
		<Token>
			<TokenIdentifier>//apple_ref/occ/instp/M13ProgressViewStripedBar/progressMaskLayer</TokenIdentifier>
			<Abstract type="html">The layer that masks the stripes of the progress layer.</Abstract>
			<DeclaredIn>M13ProgressViewStripedBar.m</DeclaredIn>
			
			<Declaration>@property (nonatomic, retain) CAShapeLayer *progressMaskLayer</Declaration>
			
			
			<Anchor>//api/name/progressMaskLayer</Anchor>
            <NodeRef refid="17"/>
		</Token>
		
		<Token>
			<TokenIdentifier>//apple_ref/occ/instm/M13ProgressViewStripedBar/setMaskLayer:</TokenIdentifier>
			<Abstract type="html">The mask layer for the progress layer.</Abstract>
			<DeclaredIn>M13ProgressViewStripedBar.m</DeclaredIn>
			
			<Declaration>@property (nonatomic, retain) CAShapeLayer *maskLayer</Declaration>
			
			
			<Anchor>//api/name/maskLayer</Anchor>
            <NodeRef refid="17"/>
		</Token>
		
		<Token>
			<TokenIdentifier>//apple_ref/occ/instm/M13ProgressViewStripedBar/maskLayer</TokenIdentifier>
			<Abstract type="html">The mask layer for the progress layer.</Abstract>
			<DeclaredIn>M13ProgressViewStripedBar.m</DeclaredIn>
			
			<Declaration>@property (nonatomic, retain) CAShapeLayer *maskLayer</Declaration>
			
			
			<Anchor>//api/name/maskLayer</Anchor>
            <NodeRef refid="17"/>
		</Token>
		
		<Token>
			<TokenIdentifier>//apple_ref/occ/instp/M13ProgressViewStripedBar/maskLayer</TokenIdentifier>
			<Abstract type="html">The mask layer for the progress layer.</Abstract>
			<DeclaredIn>M13ProgressViewStripedBar.m</DeclaredIn>
			
			<Declaration>@property (nonatomic, retain) CAShapeLayer *maskLayer</Declaration>
			
			
			<Anchor>//api/name/maskLayer</Anchor>
            <NodeRef refid="17"/>
		</Token>
		
		<Token>
			<TokenIdentifier>//apple_ref/occ/instm/M13ProgressViewStripedBar/setBackgroundLayer:</TokenIdentifier>
			<Abstract type="html">The background layer that displays the border.</Abstract>
			<DeclaredIn>M13ProgressViewStripedBar.m</DeclaredIn>
			
			<Declaration>@property (nonatomic, retain) CAShapeLayer *backgroundLayer</Declaration>
			
			
			<Anchor>//api/name/backgroundLayer</Anchor>
            <NodeRef refid="17"/>
		</Token>
		
		<Token>
			<TokenIdentifier>//apple_ref/occ/instm/M13ProgressViewStripedBar/backgroundLayer</TokenIdentifier>
			<Abstract type="html">The background layer that displays the border.</Abstract>
			<DeclaredIn>M13ProgressViewStripedBar.m</DeclaredIn>
			
			<Declaration>@property (nonatomic, retain) CAShapeLayer *backgroundLayer</Declaration>
			
			
			<Anchor>//api/name/backgroundLayer</Anchor>
            <NodeRef refid="17"/>
		</Token>
		
		<Token>
			<TokenIdentifier>//apple_ref/occ/instp/M13ProgressViewStripedBar/backgroundLayer</TokenIdentifier>
			<Abstract type="html">The background layer that displays the border.</Abstract>
			<DeclaredIn>M13ProgressViewStripedBar.m</DeclaredIn>
			
			<Declaration>@property (nonatomic, retain) CAShapeLayer *backgroundLayer</Declaration>
			
			
			<Anchor>//api/name/backgroundLayer</Anchor>
            <NodeRef refid="17"/>
		</Token>
		
		<Token>
			<TokenIdentifier>//apple_ref/occ/instm/M13ProgressViewStripedBar/setIndeterminateLayer:</TokenIdentifier>
			<Abstract type="html">The layer that is used to animate indeterminate progress.</Abstract>
			<DeclaredIn>M13ProgressViewStripedBar.m</DeclaredIn>
			
			<Declaration>@property (nonatomic, retain) CALayer *indeterminateLayer</Declaration>
			
			
			<Anchor>//api/name/indeterminateLayer</Anchor>
            <NodeRef refid="17"/>
		</Token>
		
		<Token>
			<TokenIdentifier>//apple_ref/occ/instm/M13ProgressViewStripedBar/indeterminateLayer</TokenIdentifier>
			<Abstract type="html">The layer that is used to animate indeterminate progress.</Abstract>
			<DeclaredIn>M13ProgressViewStripedBar.m</DeclaredIn>
			
			<Declaration>@property (nonatomic, retain) CALayer *indeterminateLayer</Declaration>
			
			
			<Anchor>//api/name/indeterminateLayer</Anchor>
            <NodeRef refid="17"/>
		</Token>
		
		<Token>
			<TokenIdentifier>//apple_ref/occ/instp/M13ProgressViewStripedBar/indeterminateLayer</TokenIdentifier>
			<Abstract type="html">The layer that is used to animate indeterminate progress.</Abstract>
			<DeclaredIn>M13ProgressViewStripedBar.m</DeclaredIn>
			
			<Declaration>@property (nonatomic, retain) CALayer *indeterminateLayer</Declaration>
			
			
			<Anchor>//api/name/indeterminateLayer</Anchor>
            <NodeRef refid="17"/>
		</Token>
		
		<Token>
			<TokenIdentifier>//apple_ref/occ/instm/M13ProgressViewStripedBar/setCurrentAction:</TokenIdentifier>
			<Abstract type="html">The action currently being performed.</Abstract>
			<DeclaredIn>M13ProgressViewStripedBar.m</DeclaredIn>
			
			<Declaration>@property (nonatomic, assign) M13ProgressViewAction currentAction</Declaration>
			
			
			<Anchor>//api/name/currentAction</Anchor>
            <NodeRef refid="17"/>
		</Token>
		
		<Token>
			<TokenIdentifier>//apple_ref/occ/instm/M13ProgressViewStripedBar/currentAction</TokenIdentifier>
			<Abstract type="html">The action currently being performed.</Abstract>
			<DeclaredIn>M13ProgressViewStripedBar.m</DeclaredIn>
			
			<Declaration>@property (nonatomic, assign) M13ProgressViewAction currentAction</Declaration>
			
			
			<Anchor>//api/name/currentAction</Anchor>
            <NodeRef refid="17"/>
		</Token>
		
		<Token>
			<TokenIdentifier>//apple_ref/occ/instp/M13ProgressViewStripedBar/currentAction</TokenIdentifier>
			<Abstract type="html">The action currently being performed.</Abstract>
			<DeclaredIn>M13ProgressViewStripedBar.m</DeclaredIn>
			
			<Declaration>@property (nonatomic, assign) M13ProgressViewAction currentAction</Declaration>
			
			
			<Anchor>//api/name/currentAction</Anchor>
            <NodeRef refid="17"/>
		</Token>
		
		<Token>
			<TokenIdentifier>//apple_ref/occ/instm/M13ProgressViewStripedBar/setStripesLayer:</TokenIdentifier>
			<Abstract type="html">The stripes layer.</Abstract>
			<DeclaredIn>M13ProgressViewStripedBar.m</DeclaredIn>
			
			<Declaration>@property (nonatomic, retain) CAShapeLayer *stripesLayer</Declaration>
			
			
			<Anchor>//api/name/stripesLayer</Anchor>
            <NodeRef refid="17"/>
		</Token>
		
		<Token>
			<TokenIdentifier>//apple_ref/occ/instm/M13ProgressViewStripedBar/stripesLayer</TokenIdentifier>
			<Abstract type="html">The stripes layer.</Abstract>
			<DeclaredIn>M13ProgressViewStripedBar.m</DeclaredIn>
			
			<Declaration>@property (nonatomic, retain) CAShapeLayer *stripesLayer</Declaration>
			
			
			<Anchor>//api/name/stripesLayer</Anchor>
            <NodeRef refid="17"/>
		</Token>
		
		<Token>
			<TokenIdentifier>//apple_ref/occ/instp/M13ProgressViewStripedBar/stripesLayer</TokenIdentifier>
			<Abstract type="html">The stripes layer.</Abstract>
			<DeclaredIn>M13ProgressViewStripedBar.m</DeclaredIn>
			
			<Declaration>@property (nonatomic, retain) CAShapeLayer *stripesLayer</Declaration>
			
			
			<Anchor>//api/name/stripesLayer</Anchor>
            <NodeRef refid="17"/>
		</Token>
		
        
	</File>
</Tokens>