<?xml version="1.0" encoding="UTF-8"?>
<Tokens version="1.0">
	<File path="Classes/M13ProgressViewRadiative.html">
		
		<Token>
			<TokenIdentifier>//apple_ref/occ/cl/M13ProgressViewRadiative</TokenIdentifier>
			<Abstract type="html">A progress view that displays progress via &quot;Radiative&quot; rings around a central point.</Abstract>
			<DeclaredIn>M13ProgressViewRadiative.h</DeclaredIn>
            
			
			<NodeRef refid="13"/>
		</Token>
		
		
		<Token>
			<TokenIdentifier>//apple_ref/occ/instm/M13ProgressViewRadiative/setOriginationPoint:</TokenIdentifier>
			<Abstract type="html">The point where the wave fronts originate from. The point is defined in percentages, top left being {0, 0}, and the bottom right being {1, 1}.</Abstract>
			<DeclaredIn>M13ProgressViewRadiative.h</DeclaredIn>
			
			<Declaration>@property (nonatomic, assign) CGPoint originationPoint</Declaration>
			
			
			<Anchor>//api/name/originationPoint</Anchor>
            <NodeRef refid="13"/>
		</Token>
		
		<Token>
			<TokenIdentifier>//apple_ref/occ/instm/M13ProgressViewRadiative/originationPoint</TokenIdentifier>
			<Abstract type="html">The point where the wave fronts originate from. The point is defined in percentages, top left being {0, 0}, and the bottom right being {1, 1}.</Abstract>
			<DeclaredIn>M13ProgressViewRadiative.h</DeclaredIn>
			
			<Declaration>@property (nonatomic, assign) CGPoint originationPoint</Declaration>
			
			
			<Anchor>//api/name/originationPoint</Anchor>
            <NodeRef refid="13"/>
		</Token>
		
		<Token>
			<TokenIdentifier>//apple_ref/occ/instp/M13ProgressViewRadiative/originationPoint</TokenIdentifier>
			<Abstract type="html">The point where the wave fronts originate from. The point is defined in percentages, top left being {0, 0}, and the bottom right being {1, 1}.</Abstract>
			<DeclaredIn>M13ProgressViewRadiative.h</DeclaredIn>
			
			<Declaration>@property (nonatomic, assign) CGPoint originationPoint</Declaration>
			
			
			<Anchor>//api/name/originationPoint</Anchor>
            <NodeRef refid="13"/>
		</Token>
		
		<Token>
			<TokenIdentifier>//apple_ref/occ/instm/M13ProgressViewRadiative/setRipplesRadius:</TokenIdentifier>
			<Abstract type="html">The distance of the last ripple from the origination point.</Abstract>
			<DeclaredIn>M13ProgressViewRadiative.h</DeclaredIn>
			
			<Declaration>@property (nonatomic, assign) CGFloat ripplesRadius</Declaration>
			
			
			<Anchor>//api/name/ripplesRadius</Anchor>
            <NodeRef refid="13"/>
		</Token>
		
		<Token>
			<TokenIdentifier>//apple_ref/occ/instm/M13ProgressViewRadiative/ripplesRadius</TokenIdentifier>
			<Abstract type="html">The distance of the last ripple from the origination point.</Abstract>
			<DeclaredIn>M13ProgressViewRadiative.h</DeclaredIn>
			
			<Declaration>@property (nonatomic, assign) CGFloat ripplesRadius</Declaration>
			
			
			<Anchor>//api/name/ripplesRadius</Anchor>
            <NodeRef refid="13"/>
		</Token>
		
		<Token>
			<TokenIdentifier>//apple_ref/occ/instp/M13ProgressViewRadiative/ripplesRadius</TokenIdentifier>
			<Abstract type="html">The distance of the last ripple from the origination point.</Abstract>
			<DeclaredIn>M13ProgressViewRadiative.h</DeclaredIn>
			
			<Declaration>@property (nonatomic, assign) CGFloat ripplesRadius</Declaration>
			
			
			<Anchor>//api/name/ripplesRadius</Anchor>
            <NodeRef refid="13"/>
		</Token>
		
		<Token>
			<TokenIdentifier>//apple_ref/occ/instm/M13ProgressViewRadiative/setRippleWidth:</TokenIdentifier>
			<Abstract type="html">The width of the ripples.</Abstract>
			<DeclaredIn>M13ProgressViewRadiative.h</DeclaredIn>
			
			<Declaration>@property (nonatomic, assign) CGFloat rippleWidth</Declaration>
			
			
			<Anchor>//api/name/rippleWidth</Anchor>
            <NodeRef refid="13"/>
		</Token>
		
		<Token>
			<TokenIdentifier>//apple_ref/occ/instm/M13ProgressViewRadiative/rippleWidth</TokenIdentifier>
			<Abstract type="html">The width of the ripples.</Abstract>
			<DeclaredIn>M13ProgressViewRadiative.h</DeclaredIn>
			
			<Declaration>@property (nonatomic, assign) CGFloat rippleWidth</Declaration>
			
			
			<Anchor>//api/name/rippleWidth</Anchor>
            <NodeRef refid="13"/>
		</Token>
		
		<Token>
			<TokenIdentifier>//apple_ref/occ/instp/M13ProgressViewRadiative/rippleWidth</TokenIdentifier>
			<Abstract type="html">The width of the ripples.</Abstract>
			<DeclaredIn>M13ProgressViewRadiative.h</DeclaredIn>
			
			<Declaration>@property (nonatomic, assign) CGFloat rippleWidth</Declaration>
			
			
			<Anchor>//api/name/rippleWidth</Anchor>
            <NodeRef refid="13"/>
		</Token>
		
		<Token>
			<TokenIdentifier>//apple_ref/occ/instm/M13ProgressViewRadiative/setShape:</TokenIdentifier>
			<Abstract type="html">The shape of the radiative ripples</Abstract>
			<DeclaredIn>M13ProgressViewRadiative.h</DeclaredIn>
			
			<Declaration>@property (nonatomic, assign) M13ProgressViewRadiativeShape shape</Declaration>
			
			
			<Anchor>//api/name/shape</Anchor>
            <NodeRef refid="13"/>
		</Token>
		
		<Token>
			<TokenIdentifier>//apple_ref/occ/instm/M13ProgressViewRadiative/shape</TokenIdentifier>
			<Abstract type="html">The shape of the radiative ripples</Abstract>
			<DeclaredIn>M13ProgressViewRadiative.h</DeclaredIn>
			
			<Declaration>@property (nonatomic, assign) M13ProgressViewRadiativeShape shape</Declaration>
			
			
			<Anchor>//api/name/shape</Anchor>
            <NodeRef refid="13"/>
		</Token>
		
		<Token>
			<TokenIdentifier>//apple_ref/occ/instp/M13ProgressViewRadiative/shape</TokenIdentifier>
			<Abstract type="html">The shape of the radiative ripples</Abstract>
			<DeclaredIn>M13ProgressViewRadiative.h</DeclaredIn>
			
			<Declaration>@property (nonatomic, assign) M13ProgressViewRadiativeShape shape</Declaration>
			
			
			<Anchor>//api/name/shape</Anchor>
            <NodeRef refid="13"/>
		</Token>
		
		<Token>
			<TokenIdentifier>//apple_ref/occ/instm/M13ProgressViewRadiative/setNumberOfRipples:</TokenIdentifier>
			<Abstract type="html">The number of ripples the progress view displays.</Abstract>
			<DeclaredIn>M13ProgressViewRadiative.h</DeclaredIn>
			
			<Declaration>@property (nonatomic, assign) NSUInteger numberOfRipples</Declaration>
			
			
			<Anchor>//api/name/numberOfRipples</Anchor>
            <NodeRef refid="13"/>
		</Token>
		
		<Token>
			<TokenIdentifier>//apple_ref/occ/instm/M13ProgressViewRadiative/numberOfRipples</TokenIdentifier>
			<Abstract type="html">The number of ripples the progress view displays.</Abstract>
			<DeclaredIn>M13ProgressViewRadiative.h</DeclaredIn>
			
			<Declaration>@property (nonatomic, assign) NSUInteger numberOfRipples</Declaration>
			
			
			<Anchor>//api/name/numberOfRipples</Anchor>
            <NodeRef refid="13"/>
		</Token>
		
		<Token>
			<TokenIdentifier>//apple_ref/occ/instp/M13ProgressViewRadiative/numberOfRipples</TokenIdentifier>
			<Abstract type="html">The number of ripples the progress view displays.</Abstract>
			<DeclaredIn>M13ProgressViewRadiative.h</DeclaredIn>
			
			<Declaration>@property (nonatomic, assign) NSUInteger numberOfRipples</Declaration>
			
			
			<Anchor>//api/name/numberOfRipples</Anchor>
            <NodeRef refid="13"/>
		</Token>
		
		<Token>
			<TokenIdentifier>//apple_ref/occ/instm/M13ProgressViewRadiative/setPulseWidth:</TokenIdentifier>
			<Abstract type="html">The number of ripples the indeterminate pulse animation is.</Abstract>
			<DeclaredIn>M13ProgressViewRadiative.h</DeclaredIn>
			
			<Declaration>@property (nonatomic, assign) NSUInteger pulseWidth</Declaration>
			
			
			<Anchor>//api/name/pulseWidth</Anchor>
            <NodeRef refid="13"/>
		</Token>
		
		<Token>
			<TokenIdentifier>//apple_ref/occ/instm/M13ProgressViewRadiative/pulseWidth</TokenIdentifier>
			<Abstract type="html">The number of ripples the indeterminate pulse animation is.</Abstract>
			<DeclaredIn>M13ProgressViewRadiative.h</DeclaredIn>
			
			<Declaration>@property (nonatomic, assign) NSUInteger pulseWidth</Declaration>
			
			
			<Anchor>//api/name/pulseWidth</Anchor>
            <NodeRef refid="13"/>
		</Token>
		
		<Token>
			<TokenIdentifier>//apple_ref/occ/instp/M13ProgressViewRadiative/pulseWidth</TokenIdentifier>
			<Abstract type="html">The number of ripples the indeterminate pulse animation is.</Abstract>
			<DeclaredIn>M13ProgressViewRadiative.h</DeclaredIn>
			
			<Declaration>@property (nonatomic, assign) NSUInteger pulseWidth</Declaration>
			
			
			<Anchor>//api/name/pulseWidth</Anchor>
            <NodeRef refid="13"/>
		</Token>
		
		<Token>
			<TokenIdentifier>//apple_ref/occ/instm/M13ProgressViewRadiative/setProgressOutwards:</TokenIdentifier>
			<Abstract type="html">The direction of the progress. If set to yes, the progress will be outward, of set to no, it will be inwards.</Abstract>
			<DeclaredIn>M13ProgressViewRadiative.h</DeclaredIn>
			
			<Declaration>@property (nonatomic, assign) BOOL progressOutwards</Declaration>
			
			
			<Anchor>//api/name/progressOutwards</Anchor>
            <NodeRef refid="13"/>
		</Token>
		
		<Token>
			<TokenIdentifier>//apple_ref/occ/instm/M13ProgressViewRadiative/progressOutwards</TokenIdentifier>
			<Abstract type="html">The direction of the progress. If set to yes, the progress will be outward, of set to no, it will be inwards.</Abstract>
			<DeclaredIn>M13ProgressViewRadiative.h</DeclaredIn>
			
			<Declaration>@property (nonatomic, assign) BOOL progressOutwards</Declaration>
			
			
			<Anchor>//api/name/progressOutwards</Anchor>
            <NodeRef refid="13"/>
		</Token>
		
		<Token>
			<TokenIdentifier>//apple_ref/occ/instp/M13ProgressViewRadiative/progressOutwards</TokenIdentifier>
			<Abstract type="html">The direction of the progress. If set to yes, the progress will be outward, of set to no, it will be inwards.</Abstract>
			<DeclaredIn>M13ProgressViewRadiative.h</DeclaredIn>
			
			<Declaration>@property (nonatomic, assign) BOOL progressOutwards</Declaration>
			
			
			<Anchor>//api/name/progressOutwards</Anchor>
            <NodeRef refid="13"/>
		</Token>
		
		<Token>
			<TokenIdentifier>//apple_ref/occ/instm/M13ProgressViewRadiative/setPrimaryColor:</TokenIdentifier>
			<Abstract type="html">The primary color of the M13ProgressView.</Abstract>
			<DeclaredIn>M13ProgressViewRadiative.m</DeclaredIn>
			
			<Declaration>- (void)setPrimaryColor:(UIColor *)primaryColor</Declaration>
			
			
			<Anchor>//api/name/setPrimaryColor:</Anchor>
            <NodeRef refid="13"/>
		</Token>
		
		<Token>
			<TokenIdentifier>//apple_ref/occ/instm/M13ProgressViewRadiative/setSecondaryColor:</TokenIdentifier>
			<Abstract type="html">The secondary color of the M13ProgressView.</Abstract>
			<DeclaredIn>M13ProgressViewRadiative.m</DeclaredIn>
			
			<Declaration>- (void)setSecondaryColor:(UIColor *)secondaryColor</Declaration>
			
			
			<Anchor>//api/name/setSecondaryColor:</Anchor>
            <NodeRef refid="13"/>
		</Token>
		
		<Token>
			<TokenIdentifier>//apple_ref/occ/instm/M13ProgressViewRadiative/setProgress:animated:</TokenIdentifier>
			<Abstract type="html">Set the progress of the M13ProgressView.</Abstract>
			<DeclaredIn>M13ProgressViewRadiative.m</DeclaredIn>
			
			<Declaration>- (void)setProgress:(CGFloat)progress animated:(BOOL)animated</Declaration>
			<Parameters>
				<Parameter>
					<Name>progress</Name>
					<Abstract type="html">The progress to show on the progress view.</Abstract>
				</Parameter><Parameter>
					<Name>animated</Name>
					<Abstract type="html">Wether or not to animate the progress change.</Abstract>
				</Parameter>
			</Parameters>
			
			<Anchor>//api/name/setProgress:animated:</Anchor>
            <NodeRef refid="13"/>
		</Token>
		
		<Token>
			<TokenIdentifier>//apple_ref/occ/instm/M13ProgressViewRadiative/setIndeterminate:</TokenIdentifier>
			<Abstract type="html">Wether or not the progress view is indeterminate.</Abstract>
			<DeclaredIn>M13ProgressViewRadiative.m</DeclaredIn>
			
			<Declaration>- (void)setIndeterminate:(BOOL)indeterminate</Declaration>
			
			
			<Anchor>//api/name/setIndeterminate:</Anchor>
            <NodeRef refid="13"/>
		</Token>
		
		<Token>
			<TokenIdentifier>//apple_ref/occ/instm/M13ProgressViewRadiative/setAnimationFromValue:</TokenIdentifier>
			<Abstract type="html">The start progress for the progress animation.</Abstract>
			<DeclaredIn>M13ProgressViewRadiative.m</DeclaredIn>
			
			<Declaration>@property (nonatomic, assign) CGFloat animationFromValue</Declaration>
			
			
			<Anchor>//api/name/animationFromValue</Anchor>
            <NodeRef refid="13"/>
		</Token>
		
		<Token>
			<TokenIdentifier>//apple_ref/occ/instm/M13ProgressViewRadiative/animationFromValue</TokenIdentifier>
			<Abstract type="html">The start progress for the progress animation.</Abstract>
			<DeclaredIn>M13ProgressViewRadiative.m</DeclaredIn>
			
			<Declaration>@property (nonatomic, assign) CGFloat animationFromValue</Declaration>
			
			
			<Anchor>//api/name/animationFromValue</Anchor>
            <NodeRef refid="13"/>
		</Token>
		
		<Token>
			<TokenIdentifier>//apple_ref/occ/instp/M13ProgressViewRadiative/animationFromValue</TokenIdentifier>
			<Abstract type="html">The start progress for the progress animation.</Abstract>
			<DeclaredIn>M13ProgressViewRadiative.m</DeclaredIn>
			
			<Declaration>@property (nonatomic, assign) CGFloat animationFromValue</Declaration>
			
			
			<Anchor>//api/name/animationFromValue</Anchor>
            <NodeRef refid="13"/>
		</Token>
		
		<Token>
			<TokenIdentifier>//apple_ref/occ/instm/M13ProgressViewRadiative/setAnimationToValue:</TokenIdentifier>
			<Abstract type="html">The end progress for the progress animation.</Abstract>
			<DeclaredIn>M13ProgressViewRadiative.m</DeclaredIn>
			
			<Declaration>@property (nonatomic, assign) CGFloat animationToValue</Declaration>
			
			
			<Anchor>//api/name/animationToValue</Anchor>
            <NodeRef refid="13"/>
		</Token>
		
		<Token>
			<TokenIdentifier>//apple_ref/occ/instm/M13ProgressViewRadiative/animationToValue</TokenIdentifier>
			<Abstract type="html">The end progress for the progress animation.</Abstract>
			<DeclaredIn>M13ProgressViewRadiative.m</DeclaredIn>
			
			<Declaration>@property (nonatomic, assign) CGFloat animationToValue</Declaration>
			
			
			<Anchor>//api/name/animationToValue</Anchor>
            <NodeRef refid="13"/>
		</Token>
		
		<Token>
			<TokenIdentifier>//apple_ref/occ/instp/M13ProgressViewRadiative/animationToValue</TokenIdentifier>
			<Abstract type="html">The end progress for the progress animation.</Abstract>
			<DeclaredIn>M13ProgressViewRadiative.m</DeclaredIn>
			
			<Declaration>@property (nonatomic, assign) CGFloat animationToValue</Declaration>
			
			
			<Anchor>//api/name/animationToValue</Anchor>
            <NodeRef refid="13"/>
		</Token>
		
		<Token>
			<TokenIdentifier>//apple_ref/occ/instm/M13ProgressViewRadiative/setAnimationStartTime:</TokenIdentifier>
			<Abstract type="html">The start time interval for the animaiton.</Abstract>
			<DeclaredIn>M13ProgressViewRadiative.m</DeclaredIn>
			
			<Declaration>@property (nonatomic, assign) CFTimeInterval animationStartTime</Declaration>
			
			
			<Anchor>//api/name/animationStartTime</Anchor>
            <NodeRef refid="13"/>
		</Token>
		
		<Token>
			<TokenIdentifier>//apple_ref/occ/instm/M13ProgressViewRadiative/animationStartTime</TokenIdentifier>
			<Abstract type="html">The start time interval for the animaiton.</Abstract>
			<DeclaredIn>M13ProgressViewRadiative.m</DeclaredIn>
			
			<Declaration>@property (nonatomic, assign) CFTimeInterval animationStartTime</Declaration>
			
			
			<Anchor>//api/name/animationStartTime</Anchor>
            <NodeRef refid="13"/>
		</Token>
		
		<Token>
			<TokenIdentifier>//apple_ref/occ/instp/M13ProgressViewRadiative/animationStartTime</TokenIdentifier>
			<Abstract type="html">The start time interval for the animaiton.</Abstract>
			<DeclaredIn>M13ProgressViewRadiative.m</DeclaredIn>
			
			<Declaration>@property (nonatomic, assign) CFTimeInterval animationStartTime</Declaration>
			
			
			<Anchor>//api/name/animationStartTime</Anchor>
            <NodeRef refid="13"/>
		</Token>
		
		<Token>
			<TokenIdentifier>//apple_ref/occ/instm/M13ProgressViewRadiative/setDisplayLink:</TokenIdentifier>
			<Abstract type="html">Link to the display to keep animations in sync.</Abstract>
			<DeclaredIn>M13ProgressViewRadiative.m</DeclaredIn>
			
			<Declaration>@property (nonatomic, strong) CADisplayLink *displayLink</Declaration>
			
			
			<Anchor>//api/name/displayLink</Anchor>
            <NodeRef refid="13"/>
		</Token>
		
		<Token>
			<TokenIdentifier>//apple_ref/occ/instm/M13ProgressViewRadiative/displayLink</TokenIdentifier>
			<Abstract type="html">Link to the display to keep animations in sync.</Abstract>
			<DeclaredIn>M13ProgressViewRadiative.m</DeclaredIn>
			
			<Declaration>@property (nonatomic, strong) CADisplayLink *displayLink</Declaration>
			
			
			<Anchor>//api/name/displayLink</Anchor>
            <NodeRef refid="13"/>
		</Token>
		
		<Token>
			<TokenIdentifier>//apple_ref/occ/instp/M13ProgressViewRadiative/displayLink</TokenIdentifier>
			<Abstract type="html">Link to the display to keep animations in sync.</Abstract>
			<DeclaredIn>M13ProgressViewRadiative.m</DeclaredIn>
			
			<Declaration>@property (nonatomic, strong) CADisplayLink *displayLink</Declaration>
			
			
			<Anchor>//api/name/displayLink</Anchor>
            <NodeRef refid="13"/>
		</Token>
		
        
	</File>
</Tokens>