<?xml version="1.0" encoding="UTF-8"?>
<Tokens version="1.0">
	<File path="Classes/M13ProgressViewMetroDotPolygon.html">
		
		<Token>
			<TokenIdentifier>//apple_ref/occ/cl/M13ProgressViewMetroDotPolygon</TokenIdentifier>
			<Abstract type="html">A subclass of M13ProgressViewMetroDot.</Abstract>
			<DeclaredIn>M13ProgressViewMetroDotPolygon.h</DeclaredIn>
            
			
			<NodeRef refid="11"/>
		</Token>
		
		
		<Token>
			<TokenIdentifier>//apple_ref/occ/instm/M13ProgressViewMetroDotPolygon/setNumberOfSides:</TokenIdentifier>
			<Abstract type="html">The number of sides the polygon has.</Abstract>
			<DeclaredIn>M13ProgressViewMetroDotPolygon.h</DeclaredIn>
			
			<Declaration>@property (nonatomic, assign) NSUInteger numberOfSides</Declaration>
			
			
			<Anchor>//api/name/numberOfSides</Anchor>
            <NodeRef refid="11"/>
		</Token>
		
		<Token>
			<TokenIdentifier>//apple_ref/occ/instm/M13ProgressViewMetroDotPolygon/numberOfSides</TokenIdentifier>
			<Abstract type="html">The number of sides the polygon has.</Abstract>
			<DeclaredIn>M13ProgressViewMetroDotPolygon.h</DeclaredIn>
			
			<Declaration>@property (nonatomic, assign) NSUInteger numberOfSides</Declaration>
			
			
			<Anchor>//api/name/numberOfSides</Anchor>
            <NodeRef refid="11"/>
		</Token>
		
		<Token>
			<TokenIdentifier>//apple_ref/occ/instp/M13ProgressViewMetroDotPolygon/numberOfSides</TokenIdentifier>
			<Abstract type="html">The number of sides the polygon has.</Abstract>
			<DeclaredIn>M13ProgressViewMetroDotPolygon.h</DeclaredIn>
			
			<Declaration>@property (nonatomic, assign) NSUInteger numberOfSides</Declaration>
			
			
			<Anchor>//api/name/numberOfSides</Anchor>
            <NodeRef refid="11"/>
		</Token>
		
		<Token>
			<TokenIdentifier>//apple_ref/occ/instm/M13ProgressViewMetroDotPolygon/setRadius:</TokenIdentifier>
			<Abstract type="html">The radius of the polygon.</Abstract>
			<DeclaredIn>M13ProgressViewMetroDotPolygon.h</DeclaredIn>
			
			<Declaration>@property (nonatomic, assign) CGFloat radius</Declaration>
			
			
			<Anchor>//api/name/radius</Anchor>
            <NodeRef refid="11"/>
		</Token>
		
		<Token>
			<TokenIdentifier>//apple_ref/occ/instm/M13ProgressViewMetroDotPolygon/radius</TokenIdentifier>
			<Abstract type="html">The radius of the polygon.</Abstract>
			<DeclaredIn>M13ProgressViewMetroDotPolygon.h</DeclaredIn>
			
			<Declaration>@property (nonatomic, assign) CGFloat radius</Declaration>
			
			
			<Anchor>//api/name/radius</Anchor>
            <NodeRef refid="11"/>
		</Token>
		
		<Token>
			<TokenIdentifier>//apple_ref/occ/instp/M13ProgressViewMetroDotPolygon/radius</TokenIdentifier>
			<Abstract type="html">The radius of the polygon.</Abstract>
			<DeclaredIn>M13ProgressViewMetroDotPolygon.h</DeclaredIn>
			
			<Declaration>@property (nonatomic, assign) CGFloat radius</Declaration>
			
			
			<Anchor>//api/name/radius</Anchor>
            <NodeRef refid="11"/>
		</Token>
		
		<Token>
			<TokenIdentifier>//apple_ref/occ/instm/M13ProgressViewMetroDotPolygon/performAction:animated:</TokenIdentifier>
			<Abstract type="html">Perform the given action if defined. Usually showing success or failure.</Abstract>
			<DeclaredIn>M13ProgressViewMetroDotPolygon.m</DeclaredIn>
			
			<Declaration>- (void)performAction:(M13ProgressViewAction)action animated:(BOOL)animated</Declaration>
			<Parameters>
				<Parameter>
					<Name>action</Name>
					<Abstract type="html">The action to perform.</Abstract>
				</Parameter><Parameter>
					<Name>animated</Name>
					<Abstract type="html">Wether or not to animate the change</Abstract>
				</Parameter>
			</Parameters>
			
			<Anchor>//api/name/performAction:animated:</Anchor>
            <NodeRef refid="11"/>
		</Token>
		
		<Token>
			<TokenIdentifier>//apple_ref/occ/instm/M13ProgressViewMetroDotPolygon/copy</TokenIdentifier>
			<Abstract type="html">All subclasses must respond to NSCopying.</Abstract>
			<DeclaredIn>M13ProgressViewMetroDotPolygon.m</DeclaredIn>
			
			<Declaration>- (id)copy</Declaration>
			
			
			<Anchor>//api/name/copy</Anchor>
            <NodeRef refid="11"/>
		</Token>
		
        
	</File>
</Tokens>