<?xml version="1.0" encoding="UTF-8"?>
<Tokens version="1.0">
	<File path="Classes/M13ProgressViewBorderedBar.html">
		
		<Token>
			<TokenIdentifier>//apple_ref/occ/cl/M13ProgressViewBorderedBar</TokenIdentifier>
			<Abstract type="html">A Progress bar with a thick border.</Abstract>
			<DeclaredIn>M13ProgressViewBorderedBar.h</DeclaredIn>
            
			
			<NodeRef refid="5"/>
		</Token>
		
		
		<Token>
			<TokenIdentifier>//apple_ref/occ/instm/M13ProgressViewBorderedBar/setProgressDirection:</TokenIdentifier>
			<Abstract type="html">The direction of progress. (What direction the fill proceeds in.)</Abstract>
			<DeclaredIn>M13ProgressViewBorderedBar.h</DeclaredIn>
			
			<Declaration>@property (nonatomic, assign) M13ProgressViewBorderedBarProgressDirection progressDirection</Declaration>
			
			
			<Anchor>//api/name/progressDirection</Anchor>
            <NodeRef refid="5"/>
		</Token>
		
		<Token>
			<TokenIdentifier>//apple_ref/occ/instm/M13ProgressViewBorderedBar/progressDirection</TokenIdentifier>
			<Abstract type="html">The direction of progress. (What direction the fill proceeds in.)</Abstract>
			<DeclaredIn>M13ProgressViewBorderedBar.h</DeclaredIn>
			
			<Declaration>@property (nonatomic, assign) M13ProgressViewBorderedBarProgressDirection progressDirection</Declaration>
			
			
			<Anchor>//api/name/progressDirection</Anchor>
            <NodeRef refid="5"/>
		</Token>
		
		<Token>
			<TokenIdentifier>//apple_ref/occ/instp/M13ProgressViewBorderedBar/progressDirection</TokenIdentifier>
			<Abstract type="html">The direction of progress. (What direction the fill proceeds in.)</Abstract>
			<DeclaredIn>M13ProgressViewBorderedBar.h</DeclaredIn>
			
			<Declaration>@property (nonatomic, assign) M13ProgressViewBorderedBarProgressDirection progressDirection</Declaration>
			
			
			<Anchor>//api/name/progressDirection</Anchor>
            <NodeRef refid="5"/>
		</Token>
		
		<Token>
			<TokenIdentifier>//apple_ref/occ/instm/M13ProgressViewBorderedBar/setCornerType:</TokenIdentifier>
			<Abstract type="html">The type of corner to display on the bar.</Abstract>
			<DeclaredIn>M13ProgressViewBorderedBar.h</DeclaredIn>
			
			<Declaration>@property (nonatomic, assign) M13ProgressViewBorderedBarCornerType cornerType</Declaration>
			
			
			<Anchor>//api/name/cornerType</Anchor>
            <NodeRef refid="5"/>
		</Token>
		
		<Token>
			<TokenIdentifier>//apple_ref/occ/instm/M13ProgressViewBorderedBar/cornerType</TokenIdentifier>
			<Abstract type="html">The type of corner to display on the bar.</Abstract>
			<DeclaredIn>M13ProgressViewBorderedBar.h</DeclaredIn>
			
			<Declaration>@property (nonatomic, assign) M13ProgressViewBorderedBarCornerType cornerType</Declaration>
			
			
			<Anchor>//api/name/cornerType</Anchor>
            <NodeRef refid="5"/>
		</Token>
		
		<Token>
			<TokenIdentifier>//apple_ref/occ/instp/M13ProgressViewBorderedBar/cornerType</TokenIdentifier>
			<Abstract type="html">The type of corner to display on the bar.</Abstract>
			<DeclaredIn>M13ProgressViewBorderedBar.h</DeclaredIn>
			
			<Declaration>@property (nonatomic, assign) M13ProgressViewBorderedBarCornerType cornerType</Declaration>
			
			
			<Anchor>//api/name/cornerType</Anchor>
            <NodeRef refid="5"/>
		</Token>
		
		<Token>
			<TokenIdentifier>//apple_ref/occ/instm/M13ProgressViewBorderedBar/setCornerRadius:</TokenIdentifier>
			<Abstract type="html">The corner radius of the ber if the corner type is set to Rounded.</Abstract>
			<DeclaredIn>M13ProgressViewBorderedBar.h</DeclaredIn>
			
			<Declaration>@property (nonatomic, assign) CGFloat cornerRadius</Declaration>
			
			
			<Anchor>//api/name/cornerRadius</Anchor>
            <NodeRef refid="5"/>
		</Token>
		
		<Token>
			<TokenIdentifier>//apple_ref/occ/instm/M13ProgressViewBorderedBar/cornerRadius</TokenIdentifier>
			<Abstract type="html">The corner radius of the ber if the corner type is set to Rounded.</Abstract>
			<DeclaredIn>M13ProgressViewBorderedBar.h</DeclaredIn>
			
			<Declaration>@property (nonatomic, assign) CGFloat cornerRadius</Declaration>
			
			
			<Anchor>//api/name/cornerRadius</Anchor>
            <NodeRef refid="5"/>
		</Token>
		
		<Token>
			<TokenIdentifier>//apple_ref/occ/instp/M13ProgressViewBorderedBar/cornerRadius</TokenIdentifier>
			<Abstract type="html">The corner radius of the ber if the corner type is set to Rounded.</Abstract>
			<DeclaredIn>M13ProgressViewBorderedBar.h</DeclaredIn>
			
			<Declaration>@property (nonatomic, assign) CGFloat cornerRadius</Declaration>
			
			
			<Anchor>//api/name/cornerRadius</Anchor>
            <NodeRef refid="5"/>
		</Token>
		
		<Token>
			<TokenIdentifier>//apple_ref/occ/instm/M13ProgressViewBorderedBar/setBorderWidth:</TokenIdentifier>
			<Abstract type="html">The border width of the progress bar.</Abstract>
			<DeclaredIn>M13ProgressViewBorderedBar.h</DeclaredIn>
			
			<Declaration>@property (nonatomic, assign) CGFloat borderWidth</Declaration>
			
			
			<Anchor>//api/name/borderWidth</Anchor>
            <NodeRef refid="5"/>
		</Token>
		
		<Token>
			<TokenIdentifier>//apple_ref/occ/instm/M13ProgressViewBorderedBar/borderWidth</TokenIdentifier>
			<Abstract type="html">The border width of the progress bar.</Abstract>
			<DeclaredIn>M13ProgressViewBorderedBar.h</DeclaredIn>
			
			<Declaration>@property (nonatomic, assign) CGFloat borderWidth</Declaration>
			
			
			<Anchor>//api/name/borderWidth</Anchor>
            <NodeRef refid="5"/>
		</Token>
		
		<Token>
			<TokenIdentifier>//apple_ref/occ/instp/M13ProgressViewBorderedBar/borderWidth</TokenIdentifier>
			<Abstract type="html">The border width of the progress bar.</Abstract>
			<DeclaredIn>M13ProgressViewBorderedBar.h</DeclaredIn>
			
			<Declaration>@property (nonatomic, assign) CGFloat borderWidth</Declaration>
			
			
			<Anchor>//api/name/borderWidth</Anchor>
            <NodeRef refid="5"/>
		</Token>
		
		<Token>
			<TokenIdentifier>//apple_ref/occ/instm/M13ProgressViewBorderedBar/setSuccessColor:</TokenIdentifier>
			<Abstract type="html">The color the bar changes to for the success action.</Abstract>
			<DeclaredIn>M13ProgressViewBorderedBar.h</DeclaredIn>
			
			<Declaration>@property (nonatomic, retain) UIColor *successColor</Declaration>
			
			
			<Anchor>//api/name/successColor</Anchor>
            <NodeRef refid="5"/>
		</Token>
		
		<Token>
			<TokenIdentifier>//apple_ref/occ/instm/M13ProgressViewBorderedBar/successColor</TokenIdentifier>
			<Abstract type="html">The color the bar changes to for the success action.</Abstract>
			<DeclaredIn>M13ProgressViewBorderedBar.h</DeclaredIn>
			
			<Declaration>@property (nonatomic, retain) UIColor *successColor</Declaration>
			
			
			<Anchor>//api/name/successColor</Anchor>
            <NodeRef refid="5"/>
		</Token>
		
		<Token>
			<TokenIdentifier>//apple_ref/occ/instp/M13ProgressViewBorderedBar/successColor</TokenIdentifier>
			<Abstract type="html">The color the bar changes to for the success action.</Abstract>
			<DeclaredIn>M13ProgressViewBorderedBar.h</DeclaredIn>
			
			<Declaration>@property (nonatomic, retain) UIColor *successColor</Declaration>
			
			
			<Anchor>//api/name/successColor</Anchor>
            <NodeRef refid="5"/>
		</Token>
		
		<Token>
			<TokenIdentifier>//apple_ref/occ/instm/M13ProgressViewBorderedBar/setFailureColor:</TokenIdentifier>
			<Abstract type="html">The color the bar changes to for the failure action.</Abstract>
			<DeclaredIn>M13ProgressViewBorderedBar.h</DeclaredIn>
			
			<Declaration>@property (nonatomic, retain) UIColor *failureColor</Declaration>
			
			
			<Anchor>//api/name/failureColor</Anchor>
            <NodeRef refid="5"/>
		</Token>
		
		<Token>
			<TokenIdentifier>//apple_ref/occ/instm/M13ProgressViewBorderedBar/failureColor</TokenIdentifier>
			<Abstract type="html">The color the bar changes to for the failure action.</Abstract>
			<DeclaredIn>M13ProgressViewBorderedBar.h</DeclaredIn>
			
			<Declaration>@property (nonatomic, retain) UIColor *failureColor</Declaration>
			
			
			<Anchor>//api/name/failureColor</Anchor>
            <NodeRef refid="5"/>
		</Token>
		
		<Token>
			<TokenIdentifier>//apple_ref/occ/instp/M13ProgressViewBorderedBar/failureColor</TokenIdentifier>
			<Abstract type="html">The color the bar changes to for the failure action.</Abstract>
			<DeclaredIn>M13ProgressViewBorderedBar.h</DeclaredIn>
			
			<Declaration>@property (nonatomic, retain) UIColor *failureColor</Declaration>
			
			
			<Anchor>//api/name/failureColor</Anchor>
            <NodeRef refid="5"/>
		</Token>
		
		<Token>
			<TokenIdentifier>//apple_ref/occ/instm/M13ProgressViewBorderedBar/setPrimaryColor:</TokenIdentifier>
			<Abstract type="html">The primary color of the M13ProgressView.</Abstract>
			<DeclaredIn>M13ProgressViewBorderedBar.m</DeclaredIn>
			
			<Declaration>- (void)setPrimaryColor:(UIColor *)primaryColor</Declaration>
			
			
			<Anchor>//api/name/setPrimaryColor:</Anchor>
            <NodeRef refid="5"/>
		</Token>
		
		<Token>
			<TokenIdentifier>//apple_ref/occ/instm/M13ProgressViewBorderedBar/setSecondaryColor:</TokenIdentifier>
			<Abstract type="html">The secondary color of the M13ProgressView.</Abstract>
			<DeclaredIn>M13ProgressViewBorderedBar.m</DeclaredIn>
			
			<Declaration>- (void)setSecondaryColor:(UIColor *)secondaryColor</Declaration>
			
			
			<Anchor>//api/name/setSecondaryColor:</Anchor>
            <NodeRef refid="5"/>
		</Token>
		
		<Token>
			<TokenIdentifier>//apple_ref/occ/instm/M13ProgressViewBorderedBar/setProgress:animated:</TokenIdentifier>
			<Abstract type="html">Set the progress of the M13ProgressView.</Abstract>
			<DeclaredIn>M13ProgressViewBorderedBar.m</DeclaredIn>
			
			<Declaration>- (void)setProgress:(CGFloat)progress animated:(BOOL)animated</Declaration>
			<Parameters>
				<Parameter>
					<Name>progress</Name>
					<Abstract type="html">The progress to show on the progress view.</Abstract>
				</Parameter><Parameter>
					<Name>animated</Name>
					<Abstract type="html">Wether or not to animate the progress change.</Abstract>
				</Parameter>
			</Parameters>
			
			<Anchor>//api/name/setProgress:animated:</Anchor>
            <NodeRef refid="5"/>
		</Token>
		
		<Token>
			<TokenIdentifier>//apple_ref/occ/instm/M13ProgressViewBorderedBar/performAction:animated:</TokenIdentifier>
			<Abstract type="html">Perform the given action if defined. Usually showing success or failure.</Abstract>
			<DeclaredIn>M13ProgressViewBorderedBar.m</DeclaredIn>
			
			<Declaration>- (void)performAction:(M13ProgressViewAction)action animated:(BOOL)animated</Declaration>
			<Parameters>
				<Parameter>
					<Name>action</Name>
					<Abstract type="html">The action to perform.</Abstract>
				</Parameter><Parameter>
					<Name>animated</Name>
					<Abstract type="html">Wether or not to animate the change</Abstract>
				</Parameter>
			</Parameters>
			
			<Anchor>//api/name/performAction:animated:</Anchor>
            <NodeRef refid="5"/>
		</Token>
		
		<Token>
			<TokenIdentifier>//apple_ref/occ/instm/M13ProgressViewBorderedBar/setIndeterminate:</TokenIdentifier>
			<Abstract type="html">Wether or not the progress view is indeterminate.</Abstract>
			<DeclaredIn>M13ProgressViewBorderedBar.m</DeclaredIn>
			
			<Declaration>- (void)setIndeterminate:(BOOL)indeterminate</Declaration>
			
			
			<Anchor>//api/name/setIndeterminate:</Anchor>
            <NodeRef refid="5"/>
		</Token>
		
		<Token>
			<TokenIdentifier>//apple_ref/occ/instm/M13ProgressViewBorderedBar/setAnimationFromValue:</TokenIdentifier>
			<Abstract type="html">The start progress for the progress animation.</Abstract>
			<DeclaredIn>M13ProgressViewBorderedBar.m</DeclaredIn>
			
			<Declaration>@property (nonatomic, assign) CGFloat animationFromValue</Declaration>
			
			
			<Anchor>//api/name/animationFromValue</Anchor>
            <NodeRef refid="5"/>
		</Token>
		
		<Token>
			<TokenIdentifier>//apple_ref/occ/instm/M13ProgressViewBorderedBar/animationFromValue</TokenIdentifier>
			<Abstract type="html">The start progress for the progress animation.</Abstract>
			<DeclaredIn>M13ProgressViewBorderedBar.m</DeclaredIn>
			
			<Declaration>@property (nonatomic, assign) CGFloat animationFromValue</Declaration>
			
			
			<Anchor>//api/name/animationFromValue</Anchor>
            <NodeRef refid="5"/>
		</Token>
		
		<Token>
			<TokenIdentifier>//apple_ref/occ/instp/M13ProgressViewBorderedBar/animationFromValue</TokenIdentifier>
			<Abstract type="html">The start progress for the progress animation.</Abstract>
			<DeclaredIn>M13ProgressViewBorderedBar.m</DeclaredIn>
			
			<Declaration>@property (nonatomic, assign) CGFloat animationFromValue</Declaration>
			
			
			<Anchor>//api/name/animationFromValue</Anchor>
            <NodeRef refid="5"/>
		</Token>
		
		<Token>
			<TokenIdentifier>//apple_ref/occ/instm/M13ProgressViewBorderedBar/setAnimationToValue:</TokenIdentifier>
			<Abstract type="html">The end progress for the progress animation.</Abstract>
			<DeclaredIn>M13ProgressViewBorderedBar.m</DeclaredIn>
			
			<Declaration>@property (nonatomic, assign) CGFloat animationToValue</Declaration>
			
			
			<Anchor>//api/name/animationToValue</Anchor>
            <NodeRef refid="5"/>
		</Token>
		
		<Token>
			<TokenIdentifier>//apple_ref/occ/instm/M13ProgressViewBorderedBar/animationToValue</TokenIdentifier>
			<Abstract type="html">The end progress for the progress animation.</Abstract>
			<DeclaredIn>M13ProgressViewBorderedBar.m</DeclaredIn>
			
			<Declaration>@property (nonatomic, assign) CGFloat animationToValue</Declaration>
			
			
			<Anchor>//api/name/animationToValue</Anchor>
            <NodeRef refid="5"/>
		</Token>
		
		<Token>
			<TokenIdentifier>//apple_ref/occ/instp/M13ProgressViewBorderedBar/animationToValue</TokenIdentifier>
			<Abstract type="html">The end progress for the progress animation.</Abstract>
			<DeclaredIn>M13ProgressViewBorderedBar.m</DeclaredIn>
			
			<Declaration>@property (nonatomic, assign) CGFloat animationToValue</Declaration>
			
			
			<Anchor>//api/name/animationToValue</Anchor>
            <NodeRef refid="5"/>
		</Token>
		
		<Token>
			<TokenIdentifier>//apple_ref/occ/instm/M13ProgressViewBorderedBar/setAnimationStartTime:</TokenIdentifier>
			<Abstract type="html">The start time interval for the animaiton.</Abstract>
			<DeclaredIn>M13ProgressViewBorderedBar.m</DeclaredIn>
			
			<Declaration>@property (nonatomic, assign) CFTimeInterval animationStartTime</Declaration>
			
			
			<Anchor>//api/name/animationStartTime</Anchor>
            <NodeRef refid="5"/>
		</Token>
		
		<Token>
			<TokenIdentifier>//apple_ref/occ/instm/M13ProgressViewBorderedBar/animationStartTime</TokenIdentifier>
			<Abstract type="html">The start time interval for the animaiton.</Abstract>
			<DeclaredIn>M13ProgressViewBorderedBar.m</DeclaredIn>
			
			<Declaration>@property (nonatomic, assign) CFTimeInterval animationStartTime</Declaration>
			
			
			<Anchor>//api/name/animationStartTime</Anchor>
            <NodeRef refid="5"/>
		</Token>
		
		<Token>
			<TokenIdentifier>//apple_ref/occ/instp/M13ProgressViewBorderedBar/animationStartTime</TokenIdentifier>
			<Abstract type="html">The start time interval for the animaiton.</Abstract>
			<DeclaredIn>M13ProgressViewBorderedBar.m</DeclaredIn>
			
			<Declaration>@property (nonatomic, assign) CFTimeInterval animationStartTime</Declaration>
			
			
			<Anchor>//api/name/animationStartTime</Anchor>
            <NodeRef refid="5"/>
		</Token>
		
		<Token>
			<TokenIdentifier>//apple_ref/occ/instm/M13ProgressViewBorderedBar/setDisplayLink:</TokenIdentifier>
			<Abstract type="html">Link to the display to keep animations in sync.</Abstract>
			<DeclaredIn>M13ProgressViewBorderedBar.m</DeclaredIn>
			
			<Declaration>@property (nonatomic, strong) CADisplayLink *displayLink</Declaration>
			
			
			<Anchor>//api/name/displayLink</Anchor>
            <NodeRef refid="5"/>
		</Token>
		
		<Token>
			<TokenIdentifier>//apple_ref/occ/instm/M13ProgressViewBorderedBar/displayLink</TokenIdentifier>
			<Abstract type="html">Link to the display to keep animations in sync.</Abstract>
			<DeclaredIn>M13ProgressViewBorderedBar.m</DeclaredIn>
			
			<Declaration>@property (nonatomic, strong) CADisplayLink *displayLink</Declaration>
			
			
			<Anchor>//api/name/displayLink</Anchor>
            <NodeRef refid="5"/>
		</Token>
		
		<Token>
			<TokenIdentifier>//apple_ref/occ/instp/M13ProgressViewBorderedBar/displayLink</TokenIdentifier>
			<Abstract type="html">Link to the display to keep animations in sync.</Abstract>
			<DeclaredIn>M13ProgressViewBorderedBar.m</DeclaredIn>
			
			<Declaration>@property (nonatomic, strong) CADisplayLink *displayLink</Declaration>
			
			
			<Anchor>//api/name/displayLink</Anchor>
            <NodeRef refid="5"/>
		</Token>
		
		<Token>
			<TokenIdentifier>//apple_ref/occ/instm/M13ProgressViewBorderedBar/setProgressSuperLayer:</TokenIdentifier>
			<Abstract type="html">The layer that contains the progress layer. That also masks the progress layer.</Abstract>
			<DeclaredIn>M13ProgressViewBorderedBar.m</DeclaredIn>
			
			<Declaration>@property (nonatomic, retain) CALayer *progressSuperLayer</Declaration>
			
			
			<Anchor>//api/name/progressSuperLayer</Anchor>
            <NodeRef refid="5"/>
		</Token>
		
		<Token>
			<TokenIdentifier>//apple_ref/occ/instm/M13ProgressViewBorderedBar/progressSuperLayer</TokenIdentifier>
			<Abstract type="html">The layer that contains the progress layer. That also masks the progress layer.</Abstract>
			<DeclaredIn>M13ProgressViewBorderedBar.m</DeclaredIn>
			
			<Declaration>@property (nonatomic, retain) CALayer *progressSuperLayer</Declaration>
			
			
			<Anchor>//api/name/progressSuperLayer</Anchor>
            <NodeRef refid="5"/>
		</Token>
		
		<Token>
			<TokenIdentifier>//apple_ref/occ/instp/M13ProgressViewBorderedBar/progressSuperLayer</TokenIdentifier>
			<Abstract type="html">The layer that contains the progress layer. That also masks the progress layer.</Abstract>
			<DeclaredIn>M13ProgressViewBorderedBar.m</DeclaredIn>
			
			<Declaration>@property (nonatomic, retain) CALayer *progressSuperLayer</Declaration>
			
			
			<Anchor>//api/name/progressSuperLayer</Anchor>
            <NodeRef refid="5"/>
		</Token>
		
		<Token>
			<TokenIdentifier>//apple_ref/occ/instm/M13ProgressViewBorderedBar/setProgressLayer:</TokenIdentifier>
			<Abstract type="html">The layer that displays progress in the progress bar.</Abstract>
			<DeclaredIn>M13ProgressViewBorderedBar.m</DeclaredIn>
			
			<Declaration>@property (nonatomic, retain) CAShapeLayer *progressLayer</Declaration>
			
			
			<Anchor>//api/name/progressLayer</Anchor>
            <NodeRef refid="5"/>
		</Token>
		
		<Token>
			<TokenIdentifier>//apple_ref/occ/instm/M13ProgressViewBorderedBar/progressLayer</TokenIdentifier>
			<Abstract type="html">The layer that displays progress in the progress bar.</Abstract>
			<DeclaredIn>M13ProgressViewBorderedBar.m</DeclaredIn>
			
			<Declaration>@property (nonatomic, retain) CAShapeLayer *progressLayer</Declaration>
			
			
			<Anchor>//api/name/progressLayer</Anchor>
            <NodeRef refid="5"/>
		</Token>
		
		<Token>
			<TokenIdentifier>//apple_ref/occ/instp/M13ProgressViewBorderedBar/progressLayer</TokenIdentifier>
			<Abstract type="html">The layer that displays progress in the progress bar.</Abstract>
			<DeclaredIn>M13ProgressViewBorderedBar.m</DeclaredIn>
			
			<Declaration>@property (nonatomic, retain) CAShapeLayer *progressLayer</Declaration>
			
			
			<Anchor>//api/name/progressLayer</Anchor>
            <NodeRef refid="5"/>
		</Token>
		
		<Token>
			<TokenIdentifier>//apple_ref/occ/instm/M13ProgressViewBorderedBar/setMaskLayer:</TokenIdentifier>
			<Abstract type="html">The mask layer for the progress layer.</Abstract>
			<DeclaredIn>M13ProgressViewBorderedBar.m</DeclaredIn>
			
			<Declaration>@property (nonatomic, retain) CAShapeLayer *maskLayer</Declaration>
			
			
			<Anchor>//api/name/maskLayer</Anchor>
            <NodeRef refid="5"/>
		</Token>
		
		<Token>
			<TokenIdentifier>//apple_ref/occ/instm/M13ProgressViewBorderedBar/maskLayer</TokenIdentifier>
			<Abstract type="html">The mask layer for the progress layer.</Abstract>
			<DeclaredIn>M13ProgressViewBorderedBar.m</DeclaredIn>
			
			<Declaration>@property (nonatomic, retain) CAShapeLayer *maskLayer</Declaration>
			
			
			<Anchor>//api/name/maskLayer</Anchor>
            <NodeRef refid="5"/>
		</Token>
		
		<Token>
			<TokenIdentifier>//apple_ref/occ/instp/M13ProgressViewBorderedBar/maskLayer</TokenIdentifier>
			<Abstract type="html">The mask layer for the progress layer.</Abstract>
			<DeclaredIn>M13ProgressViewBorderedBar.m</DeclaredIn>
			
			<Declaration>@property (nonatomic, retain) CAShapeLayer *maskLayer</Declaration>
			
			
			<Anchor>//api/name/maskLayer</Anchor>
            <NodeRef refid="5"/>
		</Token>
		
		<Token>
			<TokenIdentifier>//apple_ref/occ/instm/M13ProgressViewBorderedBar/setBackgroundLayer:</TokenIdentifier>
			<Abstract type="html">The background layer that displays the border.</Abstract>
			<DeclaredIn>M13ProgressViewBorderedBar.m</DeclaredIn>
			
			<Declaration>@property (nonatomic, retain) CAShapeLayer *backgroundLayer</Declaration>
			
			
			<Anchor>//api/name/backgroundLayer</Anchor>
            <NodeRef refid="5"/>
		</Token>
		
		<Token>
			<TokenIdentifier>//apple_ref/occ/instm/M13ProgressViewBorderedBar/backgroundLayer</TokenIdentifier>
			<Abstract type="html">The background layer that displays the border.</Abstract>
			<DeclaredIn>M13ProgressViewBorderedBar.m</DeclaredIn>
			
			<Declaration>@property (nonatomic, retain) CAShapeLayer *backgroundLayer</Declaration>
			
			
			<Anchor>//api/name/backgroundLayer</Anchor>
            <NodeRef refid="5"/>
		</Token>
		
		<Token>
			<TokenIdentifier>//apple_ref/occ/instp/M13ProgressViewBorderedBar/backgroundLayer</TokenIdentifier>
			<Abstract type="html">The background layer that displays the border.</Abstract>
			<DeclaredIn>M13ProgressViewBorderedBar.m</DeclaredIn>
			
			<Declaration>@property (nonatomic, retain) CAShapeLayer *backgroundLayer</Declaration>
			
			
			<Anchor>//api/name/backgroundLayer</Anchor>
            <NodeRef refid="5"/>
		</Token>
		
		<Token>
			<TokenIdentifier>//apple_ref/occ/instm/M13ProgressViewBorderedBar/setIndeterminateLayer:</TokenIdentifier>
			<Abstract type="html">The layer that is used to animate indeterminate progress.</Abstract>
			<DeclaredIn>M13ProgressViewBorderedBar.m</DeclaredIn>
			
			<Declaration>@property (nonatomic, retain) CALayer *indeterminateLayer</Declaration>
			
			
			<Anchor>//api/name/indeterminateLayer</Anchor>
            <NodeRef refid="5"/>
		</Token>
		
		<Token>
			<TokenIdentifier>//apple_ref/occ/instm/M13ProgressViewBorderedBar/indeterminateLayer</TokenIdentifier>
			<Abstract type="html">The layer that is used to animate indeterminate progress.</Abstract>
			<DeclaredIn>M13ProgressViewBorderedBar.m</DeclaredIn>
			
			<Declaration>@property (nonatomic, retain) CALayer *indeterminateLayer</Declaration>
			
			
			<Anchor>//api/name/indeterminateLayer</Anchor>
            <NodeRef refid="5"/>
		</Token>
		
		<Token>
			<TokenIdentifier>//apple_ref/occ/instp/M13ProgressViewBorderedBar/indeterminateLayer</TokenIdentifier>
			<Abstract type="html">The layer that is used to animate indeterminate progress.</Abstract>
			<DeclaredIn>M13ProgressViewBorderedBar.m</DeclaredIn>
			
			<Declaration>@property (nonatomic, retain) CALayer *indeterminateLayer</Declaration>
			
			
			<Anchor>//api/name/indeterminateLayer</Anchor>
            <NodeRef refid="5"/>
		</Token>
		
		<Token>
			<TokenIdentifier>//apple_ref/occ/instm/M13ProgressViewBorderedBar/setCurrentAction:</TokenIdentifier>
			<Abstract type="html">The action currently being performed.</Abstract>
			<DeclaredIn>M13ProgressViewBorderedBar.m</DeclaredIn>
			
			<Declaration>@property (nonatomic, assign) M13ProgressViewAction currentAction</Declaration>
			
			
			<Anchor>//api/name/currentAction</Anchor>
            <NodeRef refid="5"/>
		</Token>
		
		<Token>
			<TokenIdentifier>//apple_ref/occ/instm/M13ProgressViewBorderedBar/currentAction</TokenIdentifier>
			<Abstract type="html">The action currently being performed.</Abstract>
			<DeclaredIn>M13ProgressViewBorderedBar.m</DeclaredIn>
			
			<Declaration>@property (nonatomic, assign) M13ProgressViewAction currentAction</Declaration>
			
			
			<Anchor>//api/name/currentAction</Anchor>
            <NodeRef refid="5"/>
		</Token>
		
		<Token>
			<TokenIdentifier>//apple_ref/occ/instp/M13ProgressViewBorderedBar/currentAction</TokenIdentifier>
			<Abstract type="html">The action currently being performed.</Abstract>
			<DeclaredIn>M13ProgressViewBorderedBar.m</DeclaredIn>
			
			<Declaration>@property (nonatomic, assign) M13ProgressViewAction currentAction</Declaration>
			
			
			<Anchor>//api/name/currentAction</Anchor>
            <NodeRef refid="5"/>
		</Token>
		
        
	</File>
</Tokens>