<?xml version="1.0" encoding="UTF-8"?>
<Tokens version="1.0">
	<File path="Classes/M13ProgressViewMetro.html">
		
		<Token>
			<TokenIdentifier>//apple_ref/occ/cl/M13ProgressViewMetro</TokenIdentifier>
			<Abstract type="html">A progress view based off of Windows 8&apos;s progress animation.</Abstract>
			<DeclaredIn>M13ProgressViewMetro.h</DeclaredIn>
            
			
			<NodeRef refid="9"/>
		</Token>
		
		
		<Token>
			<TokenIdentifier>//apple_ref/occ/instm/M13ProgressViewMetro/setNumberOfDots:</TokenIdentifier>
			<Abstract type="html">The number of dots in the animation.</Abstract>
			<DeclaredIn>M13ProgressViewMetro.h</DeclaredIn>
			
			<Declaration>@property (nonatomic, assign) NSUInteger numberOfDots</Declaration>
			
			
			<Anchor>//api/name/numberOfDots</Anchor>
            <NodeRef refid="9"/>
		</Token>
		
		<Token>
			<TokenIdentifier>//apple_ref/occ/instm/M13ProgressViewMetro/numberOfDots</TokenIdentifier>
			<Abstract type="html">The number of dots in the animation.</Abstract>
			<DeclaredIn>M13ProgressViewMetro.h</DeclaredIn>
			
			<Declaration>@property (nonatomic, assign) NSUInteger numberOfDots</Declaration>
			
			
			<Anchor>//api/name/numberOfDots</Anchor>
            <NodeRef refid="9"/>
		</Token>
		
		<Token>
			<TokenIdentifier>//apple_ref/occ/instp/M13ProgressViewMetro/numberOfDots</TokenIdentifier>
			<Abstract type="html">The number of dots in the animation.</Abstract>
			<DeclaredIn>M13ProgressViewMetro.h</DeclaredIn>
			
			<Declaration>@property (nonatomic, assign) NSUInteger numberOfDots</Declaration>
			
			
			<Anchor>//api/name/numberOfDots</Anchor>
            <NodeRef refid="9"/>
		</Token>
		
		<Token>
			<TokenIdentifier>//apple_ref/occ/instm/M13ProgressViewMetro/setAnimationShape:</TokenIdentifier>
			<Abstract type="html">The shape of the animation.</Abstract>
			<DeclaredIn>M13ProgressViewMetro.h</DeclaredIn>
			
			<Declaration>@property (nonatomic, assign) M13ProgressViewMetroAnimationShape animationShape</Declaration>
			
			
			<Anchor>//api/name/animationShape</Anchor>
            <NodeRef refid="9"/>
		</Token>
		
		<Token>
			<TokenIdentifier>//apple_ref/occ/instm/M13ProgressViewMetro/animationShape</TokenIdentifier>
			<Abstract type="html">The shape of the animation.</Abstract>
			<DeclaredIn>M13ProgressViewMetro.h</DeclaredIn>
			
			<Declaration>@property (nonatomic, assign) M13ProgressViewMetroAnimationShape animationShape</Declaration>
			
			
			<Anchor>//api/name/animationShape</Anchor>
            <NodeRef refid="9"/>
		</Token>
		
		<Token>
			<TokenIdentifier>//apple_ref/occ/instp/M13ProgressViewMetro/animationShape</TokenIdentifier>
			<Abstract type="html">The shape of the animation.</Abstract>
			<DeclaredIn>M13ProgressViewMetro.h</DeclaredIn>
			
			<Declaration>@property (nonatomic, assign) M13ProgressViewMetroAnimationShape animationShape</Declaration>
			
			
			<Anchor>//api/name/animationShape</Anchor>
            <NodeRef refid="9"/>
		</Token>
		
		<Token>
			<TokenIdentifier>//apple_ref/occ/instm/M13ProgressViewMetro/setDotSize:</TokenIdentifier>
			<Abstract type="html">The size of the dots</Abstract>
			<DeclaredIn>M13ProgressViewMetro.h</DeclaredIn>
			
			<Declaration>@property (nonatomic, assign) CGSize dotSize</Declaration>
			
			
			<Anchor>//api/name/dotSize</Anchor>
            <NodeRef refid="9"/>
		</Token>
		
		<Token>
			<TokenIdentifier>//apple_ref/occ/instm/M13ProgressViewMetro/dotSize</TokenIdentifier>
			<Abstract type="html">The size of the dots</Abstract>
			<DeclaredIn>M13ProgressViewMetro.h</DeclaredIn>
			
			<Declaration>@property (nonatomic, assign) CGSize dotSize</Declaration>
			
			
			<Anchor>//api/name/dotSize</Anchor>
            <NodeRef refid="9"/>
		</Token>
		
		<Token>
			<TokenIdentifier>//apple_ref/occ/instp/M13ProgressViewMetro/dotSize</TokenIdentifier>
			<Abstract type="html">The size of the dots</Abstract>
			<DeclaredIn>M13ProgressViewMetro.h</DeclaredIn>
			
			<Declaration>@property (nonatomic, assign) CGSize dotSize</Declaration>
			
			
			<Anchor>//api/name/dotSize</Anchor>
            <NodeRef refid="9"/>
		</Token>
		
		<Token>
			<TokenIdentifier>//apple_ref/occ/instm/M13ProgressViewMetro/setMetroDot:</TokenIdentifier>
			<Abstract type="html">The dot to display.</Abstract>
			<DeclaredIn>M13ProgressViewMetro.h</DeclaredIn>
			
			<Declaration>@property (nonatomic, retain) M13ProgressViewMetroDot *metroDot</Declaration>
			
			
			<Anchor>//api/name/metroDot</Anchor>
            <NodeRef refid="9"/>
		</Token>
		
		<Token>
			<TokenIdentifier>//apple_ref/occ/instm/M13ProgressViewMetro/metroDot</TokenIdentifier>
			<Abstract type="html">The dot to display.</Abstract>
			<DeclaredIn>M13ProgressViewMetro.h</DeclaredIn>
			
			<Declaration>@property (nonatomic, retain) M13ProgressViewMetroDot *metroDot</Declaration>
			
			
			<Anchor>//api/name/metroDot</Anchor>
            <NodeRef refid="9"/>
		</Token>
		
		<Token>
			<TokenIdentifier>//apple_ref/occ/instp/M13ProgressViewMetro/metroDot</TokenIdentifier>
			<Abstract type="html">The dot to display.</Abstract>
			<DeclaredIn>M13ProgressViewMetro.h</DeclaredIn>
			
			<Declaration>@property (nonatomic, retain) M13ProgressViewMetroDot *metroDot</Declaration>
			
			
			<Anchor>//api/name/metroDot</Anchor>
            <NodeRef refid="9"/>
		</Token>
		
		<Token>
			<TokenIdentifier>//apple_ref/occ/instm/M13ProgressViewMetro/setSuccessColor:</TokenIdentifier>
			<Abstract type="html">The color to show on success.</Abstract>
			<DeclaredIn>M13ProgressViewMetro.h</DeclaredIn>
			
			<Declaration>@property (nonatomic, retain) UIColor *successColor</Declaration>
			
			
			<Anchor>//api/name/successColor</Anchor>
            <NodeRef refid="9"/>
		</Token>
		
		<Token>
			<TokenIdentifier>//apple_ref/occ/instm/M13ProgressViewMetro/successColor</TokenIdentifier>
			<Abstract type="html">The color to show on success.</Abstract>
			<DeclaredIn>M13ProgressViewMetro.h</DeclaredIn>
			
			<Declaration>@property (nonatomic, retain) UIColor *successColor</Declaration>
			
			
			<Anchor>//api/name/successColor</Anchor>
            <NodeRef refid="9"/>
		</Token>
		
		<Token>
			<TokenIdentifier>//apple_ref/occ/instp/M13ProgressViewMetro/successColor</TokenIdentifier>
			<Abstract type="html">The color to show on success.</Abstract>
			<DeclaredIn>M13ProgressViewMetro.h</DeclaredIn>
			
			<Declaration>@property (nonatomic, retain) UIColor *successColor</Declaration>
			
			
			<Anchor>//api/name/successColor</Anchor>
            <NodeRef refid="9"/>
		</Token>
		
		<Token>
			<TokenIdentifier>//apple_ref/occ/instm/M13ProgressViewMetro/setFailureColor:</TokenIdentifier>
			<Abstract type="html">The color to show on failure.</Abstract>
			<DeclaredIn>M13ProgressViewMetro.h</DeclaredIn>
			
			<Declaration>@property (nonatomic, retain) UIColor *failureColor</Declaration>
			
			
			<Anchor>//api/name/failureColor</Anchor>
            <NodeRef refid="9"/>
		</Token>
		
		<Token>
			<TokenIdentifier>//apple_ref/occ/instm/M13ProgressViewMetro/failureColor</TokenIdentifier>
			<Abstract type="html">The color to show on failure.</Abstract>
			<DeclaredIn>M13ProgressViewMetro.h</DeclaredIn>
			
			<Declaration>@property (nonatomic, retain) UIColor *failureColor</Declaration>
			
			
			<Anchor>//api/name/failureColor</Anchor>
            <NodeRef refid="9"/>
		</Token>
		
		<Token>
			<TokenIdentifier>//apple_ref/occ/instp/M13ProgressViewMetro/failureColor</TokenIdentifier>
			<Abstract type="html">The color to show on failure.</Abstract>
			<DeclaredIn>M13ProgressViewMetro.h</DeclaredIn>
			
			<Declaration>@property (nonatomic, retain) UIColor *failureColor</Declaration>
			
			
			<Anchor>//api/name/failureColor</Anchor>
            <NodeRef refid="9"/>
		</Token>
		
		<Token>
			<TokenIdentifier>//apple_ref/occ/instm/M13ProgressViewMetro/isAnimating</TokenIdentifier>
			<Abstract type="html">Wether or not the progress view animating.</Abstract>
			<DeclaredIn>M13ProgressViewMetro.h</DeclaredIn>
			
			<Declaration>- (BOOL)isAnimating</Declaration>
			
			
			<Anchor>//api/name/isAnimating</Anchor>
            <NodeRef refid="9"/>
		</Token>
		
		<Token>
			<TokenIdentifier>//apple_ref/occ/instm/M13ProgressViewMetro/beginAnimating</TokenIdentifier>
			<Abstract type="html">Begin the animation.</Abstract>
			<DeclaredIn>M13ProgressViewMetro.h</DeclaredIn>
			
			<Declaration>- (void)beginAnimating</Declaration>
			
			
			<Anchor>//api/name/beginAnimating</Anchor>
            <NodeRef refid="9"/>
		</Token>
		
		<Token>
			<TokenIdentifier>//apple_ref/occ/instm/M13ProgressViewMetro/stopAnimating</TokenIdentifier>
			<Abstract type="html">End the animation.</Abstract>
			<DeclaredIn>M13ProgressViewMetro.h</DeclaredIn>
			
			<Declaration>- (void)stopAnimating</Declaration>
			
			
			<Anchor>//api/name/stopAnimating</Anchor>
            <NodeRef refid="9"/>
		</Token>
		
		<Token>
			<TokenIdentifier>//apple_ref/occ/instm/M13ProgressViewMetro/performAction:animated:</TokenIdentifier>
			<Abstract type="html">Perform the given action if defined. Usually showing success or failure.</Abstract>
			<DeclaredIn>M13ProgressViewMetro.m</DeclaredIn>
			
			<Declaration>- (void)performAction:(M13ProgressViewAction)action animated:(BOOL)animated</Declaration>
			<Parameters>
				<Parameter>
					<Name>action</Name>
					<Abstract type="html">The action to perform.</Abstract>
				</Parameter><Parameter>
					<Name>animated</Name>
					<Abstract type="html">Wether or not to animate the change</Abstract>
				</Parameter>
			</Parameters>
			
			<Anchor>//api/name/performAction:animated:</Anchor>
            <NodeRef refid="9"/>
		</Token>
		
		<Token>
			<TokenIdentifier>//apple_ref/occ/instm/M13ProgressViewMetro/setProgress:animated:</TokenIdentifier>
			<Abstract type="html">Set the progress of the M13ProgressView.</Abstract>
			<DeclaredIn>M13ProgressViewMetro.m</DeclaredIn>
			
			<Declaration>- (void)setProgress:(CGFloat)progress animated:(BOOL)animated</Declaration>
			<Parameters>
				<Parameter>
					<Name>progress</Name>
					<Abstract type="html">The progress to show on the progress view.</Abstract>
				</Parameter><Parameter>
					<Name>animated</Name>
					<Abstract type="html">Wether or not to animate the progress change.</Abstract>
				</Parameter>
			</Parameters>
			
			<Anchor>//api/name/setProgress:animated:</Anchor>
            <NodeRef refid="9"/>
		</Token>
		
		<Token>
			<TokenIdentifier>//apple_ref/occ/instm/M13ProgressViewMetro/setAnimationFromValue:</TokenIdentifier>
			<Abstract type="html">The start progress for the progress animation.</Abstract>
			<DeclaredIn>M13ProgressViewMetro.m</DeclaredIn>
			
			<Declaration>@property (nonatomic, assign) CGFloat animationFromValue</Declaration>
			
			
			<Anchor>//api/name/animationFromValue</Anchor>
            <NodeRef refid="9"/>
		</Token>
		
		<Token>
			<TokenIdentifier>//apple_ref/occ/instm/M13ProgressViewMetro/animationFromValue</TokenIdentifier>
			<Abstract type="html">The start progress for the progress animation.</Abstract>
			<DeclaredIn>M13ProgressViewMetro.m</DeclaredIn>
			
			<Declaration>@property (nonatomic, assign) CGFloat animationFromValue</Declaration>
			
			
			<Anchor>//api/name/animationFromValue</Anchor>
            <NodeRef refid="9"/>
		</Token>
		
		<Token>
			<TokenIdentifier>//apple_ref/occ/instp/M13ProgressViewMetro/animationFromValue</TokenIdentifier>
			<Abstract type="html">The start progress for the progress animation.</Abstract>
			<DeclaredIn>M13ProgressViewMetro.m</DeclaredIn>
			
			<Declaration>@property (nonatomic, assign) CGFloat animationFromValue</Declaration>
			
			
			<Anchor>//api/name/animationFromValue</Anchor>
            <NodeRef refid="9"/>
		</Token>
		
		<Token>
			<TokenIdentifier>//apple_ref/occ/instm/M13ProgressViewMetro/setAnimationToValue:</TokenIdentifier>
			<Abstract type="html">The end progress for the progress animation.</Abstract>
			<DeclaredIn>M13ProgressViewMetro.m</DeclaredIn>
			
			<Declaration>@property (nonatomic, assign) CGFloat animationToValue</Declaration>
			
			
			<Anchor>//api/name/animationToValue</Anchor>
            <NodeRef refid="9"/>
		</Token>
		
		<Token>
			<TokenIdentifier>//apple_ref/occ/instm/M13ProgressViewMetro/animationToValue</TokenIdentifier>
			<Abstract type="html">The end progress for the progress animation.</Abstract>
			<DeclaredIn>M13ProgressViewMetro.m</DeclaredIn>
			
			<Declaration>@property (nonatomic, assign) CGFloat animationToValue</Declaration>
			
			
			<Anchor>//api/name/animationToValue</Anchor>
            <NodeRef refid="9"/>
		</Token>
		
		<Token>
			<TokenIdentifier>//apple_ref/occ/instp/M13ProgressViewMetro/animationToValue</TokenIdentifier>
			<Abstract type="html">The end progress for the progress animation.</Abstract>
			<DeclaredIn>M13ProgressViewMetro.m</DeclaredIn>
			
			<Declaration>@property (nonatomic, assign) CGFloat animationToValue</Declaration>
			
			
			<Anchor>//api/name/animationToValue</Anchor>
            <NodeRef refid="9"/>
		</Token>
		
		<Token>
			<TokenIdentifier>//apple_ref/occ/instm/M13ProgressViewMetro/setAnimationStartTime:</TokenIdentifier>
			<Abstract type="html">The start time interval for the animaiton.</Abstract>
			<DeclaredIn>M13ProgressViewMetro.m</DeclaredIn>
			
			<Declaration>@property (nonatomic, assign) CFTimeInterval animationStartTime</Declaration>
			
			
			<Anchor>//api/name/animationStartTime</Anchor>
            <NodeRef refid="9"/>
		</Token>
		
		<Token>
			<TokenIdentifier>//apple_ref/occ/instm/M13ProgressViewMetro/animationStartTime</TokenIdentifier>
			<Abstract type="html">The start time interval for the animaiton.</Abstract>
			<DeclaredIn>M13ProgressViewMetro.m</DeclaredIn>
			
			<Declaration>@property (nonatomic, assign) CFTimeInterval animationStartTime</Declaration>
			
			
			<Anchor>//api/name/animationStartTime</Anchor>
            <NodeRef refid="9"/>
		</Token>
		
		<Token>
			<TokenIdentifier>//apple_ref/occ/instp/M13ProgressViewMetro/animationStartTime</TokenIdentifier>
			<Abstract type="html">The start time interval for the animaiton.</Abstract>
			<DeclaredIn>M13ProgressViewMetro.m</DeclaredIn>
			
			<Declaration>@property (nonatomic, assign) CFTimeInterval animationStartTime</Declaration>
			
			
			<Anchor>//api/name/animationStartTime</Anchor>
            <NodeRef refid="9"/>
		</Token>
		
		<Token>
			<TokenIdentifier>//apple_ref/occ/instm/M13ProgressViewMetro/setDisplayLink:</TokenIdentifier>
			<Abstract type="html">Link to the display to keep animations in sync.</Abstract>
			<DeclaredIn>M13ProgressViewMetro.m</DeclaredIn>
			
			<Declaration>@property (nonatomic, strong) CADisplayLink *displayLink</Declaration>
			
			
			<Anchor>//api/name/displayLink</Anchor>
            <NodeRef refid="9"/>
		</Token>
		
		<Token>
			<TokenIdentifier>//apple_ref/occ/instm/M13ProgressViewMetro/displayLink</TokenIdentifier>
			<Abstract type="html">Link to the display to keep animations in sync.</Abstract>
			<DeclaredIn>M13ProgressViewMetro.m</DeclaredIn>
			
			<Declaration>@property (nonatomic, strong) CADisplayLink *displayLink</Declaration>
			
			
			<Anchor>//api/name/displayLink</Anchor>
            <NodeRef refid="9"/>
		</Token>
		
		<Token>
			<TokenIdentifier>//apple_ref/occ/instp/M13ProgressViewMetro/displayLink</TokenIdentifier>
			<Abstract type="html">Link to the display to keep animations in sync.</Abstract>
			<DeclaredIn>M13ProgressViewMetro.m</DeclaredIn>
			
			<Declaration>@property (nonatomic, strong) CADisplayLink *displayLink</Declaration>
			
			
			<Anchor>//api/name/displayLink</Anchor>
            <NodeRef refid="9"/>
		</Token>
		
        
	</File>
</Tokens>