<?xml version="1.0" encoding="UTF-8"?>
<Tokens version="1.0">
	<File path="Classes/M13ProgressViewBar.html">
		
		<Token>
			<TokenIdentifier>//apple_ref/occ/cl/M13ProgressViewBar</TokenIdentifier>
			<Abstract type="html">A replacement for UIProgressBar.</Abstract>
			<DeclaredIn>M13ProgressViewBar.h</DeclaredIn>
            
			
			<NodeRef refid="4"/>
		</Token>
		
		
		<Token>
			<TokenIdentifier>//apple_ref/occ/instm/M13ProgressViewBar/setProgressDirection:</TokenIdentifier>
			<Abstract type="html">The direction of progress. (What direction the fill proceeds in.)</Abstract>
			<DeclaredIn>M13ProgressViewBar.h</DeclaredIn>
			
			<Declaration>@property (nonatomic, assign) M13ProgressViewBarProgressDirection progressDirection</Declaration>
			
			
			<Anchor>//api/name/progressDirection</Anchor>
            <NodeRef refid="4"/>
		</Token>
		
		<Token>
			<TokenIdentifier>//apple_ref/occ/instm/M13ProgressViewBar/progressDirection</TokenIdentifier>
			<Abstract type="html">The direction of progress. (What direction the fill proceeds in.)</Abstract>
			<DeclaredIn>M13ProgressViewBar.h</DeclaredIn>
			
			<Declaration>@property (nonatomic, assign) M13ProgressViewBarProgressDirection progressDirection</Declaration>
			
			
			<Anchor>//api/name/progressDirection</Anchor>
            <NodeRef refid="4"/>
		</Token>
		
		<Token>
			<TokenIdentifier>//apple_ref/occ/instp/M13ProgressViewBar/progressDirection</TokenIdentifier>
			<Abstract type="html">The direction of progress. (What direction the fill proceeds in.)</Abstract>
			<DeclaredIn>M13ProgressViewBar.h</DeclaredIn>
			
			<Declaration>@property (nonatomic, assign) M13ProgressViewBarProgressDirection progressDirection</Declaration>
			
			
			<Anchor>//api/name/progressDirection</Anchor>
            <NodeRef refid="4"/>
		</Token>
		
		<Token>
			<TokenIdentifier>//apple_ref/occ/instm/M13ProgressViewBar/setProgressBarThickness:</TokenIdentifier>
			<Abstract type="html">The thickness of the progress bar.</Abstract>
			<DeclaredIn>M13ProgressViewBar.h</DeclaredIn>
			
			<Declaration>@property (nonatomic, assign) CGFloat progressBarThickness</Declaration>
			
			
			<Anchor>//api/name/progressBarThickness</Anchor>
            <NodeRef refid="4"/>
		</Token>
		
		<Token>
			<TokenIdentifier>//apple_ref/occ/instm/M13ProgressViewBar/progressBarThickness</TokenIdentifier>
			<Abstract type="html">The thickness of the progress bar.</Abstract>
			<DeclaredIn>M13ProgressViewBar.h</DeclaredIn>
			
			<Declaration>@property (nonatomic, assign) CGFloat progressBarThickness</Declaration>
			
			
			<Anchor>//api/name/progressBarThickness</Anchor>
            <NodeRef refid="4"/>
		</Token>
		
		<Token>
			<TokenIdentifier>//apple_ref/occ/instp/M13ProgressViewBar/progressBarThickness</TokenIdentifier>
			<Abstract type="html">The thickness of the progress bar.</Abstract>
			<DeclaredIn>M13ProgressViewBar.h</DeclaredIn>
			
			<Declaration>@property (nonatomic, assign) CGFloat progressBarThickness</Declaration>
			
			
			<Anchor>//api/name/progressBarThickness</Anchor>
            <NodeRef refid="4"/>
		</Token>
		
		<Token>
			<TokenIdentifier>//apple_ref/occ/instm/M13ProgressViewBar/setSuccessColor:</TokenIdentifier>
			<Abstract type="html">The color the bar changes to for the success action.</Abstract>
			<DeclaredIn>M13ProgressViewBar.h</DeclaredIn>
			
			<Declaration>@property (nonatomic, retain) UIColor *successColor</Declaration>
			
			
			<Anchor>//api/name/successColor</Anchor>
            <NodeRef refid="4"/>
		</Token>
		
		<Token>
			<TokenIdentifier>//apple_ref/occ/instm/M13ProgressViewBar/successColor</TokenIdentifier>
			<Abstract type="html">The color the bar changes to for the success action.</Abstract>
			<DeclaredIn>M13ProgressViewBar.h</DeclaredIn>
			
			<Declaration>@property (nonatomic, retain) UIColor *successColor</Declaration>
			
			
			<Anchor>//api/name/successColor</Anchor>
            <NodeRef refid="4"/>
		</Token>
		
		<Token>
			<TokenIdentifier>//apple_ref/occ/instp/M13ProgressViewBar/successColor</TokenIdentifier>
			<Abstract type="html">The color the bar changes to for the success action.</Abstract>
			<DeclaredIn>M13ProgressViewBar.h</DeclaredIn>
			
			<Declaration>@property (nonatomic, retain) UIColor *successColor</Declaration>
			
			
			<Anchor>//api/name/successColor</Anchor>
            <NodeRef refid="4"/>
		</Token>
		
		<Token>
			<TokenIdentifier>//apple_ref/occ/instm/M13ProgressViewBar/setFailureColor:</TokenIdentifier>
			<Abstract type="html">The color the bar changes to for the failure action.</Abstract>
			<DeclaredIn>M13ProgressViewBar.h</DeclaredIn>
			
			<Declaration>@property (nonatomic, retain) UIColor *failureColor</Declaration>
			
			
			<Anchor>//api/name/failureColor</Anchor>
            <NodeRef refid="4"/>
		</Token>
		
		<Token>
			<TokenIdentifier>//apple_ref/occ/instm/M13ProgressViewBar/failureColor</TokenIdentifier>
			<Abstract type="html">The color the bar changes to for the failure action.</Abstract>
			<DeclaredIn>M13ProgressViewBar.h</DeclaredIn>
			
			<Declaration>@property (nonatomic, retain) UIColor *failureColor</Declaration>
			
			
			<Anchor>//api/name/failureColor</Anchor>
            <NodeRef refid="4"/>
		</Token>
		
		<Token>
			<TokenIdentifier>//apple_ref/occ/instp/M13ProgressViewBar/failureColor</TokenIdentifier>
			<Abstract type="html">The color the bar changes to for the failure action.</Abstract>
			<DeclaredIn>M13ProgressViewBar.h</DeclaredIn>
			
			<Declaration>@property (nonatomic, retain) UIColor *failureColor</Declaration>
			
			
			<Anchor>//api/name/failureColor</Anchor>
            <NodeRef refid="4"/>
		</Token>
		
		<Token>
			<TokenIdentifier>//apple_ref/occ/instm/M13ProgressViewBar/setShowPercentage:</TokenIdentifier>
			<Abstract type="html">Wether or not to show percentage text. If shown exterior to the progress bar, the progress bar is shifted to make room for the text.</Abstract>
			<DeclaredIn>M13ProgressViewBar.h</DeclaredIn>
			
			<Declaration>@property (nonatomic, assign) BOOL showPercentage</Declaration>
			
			
			<Anchor>//api/name/showPercentage</Anchor>
            <NodeRef refid="4"/>
		</Token>
		
		<Token>
			<TokenIdentifier>//apple_ref/occ/instm/M13ProgressViewBar/showPercentage</TokenIdentifier>
			<Abstract type="html">Wether or not to show percentage text. If shown exterior to the progress bar, the progress bar is shifted to make room for the text.</Abstract>
			<DeclaredIn>M13ProgressViewBar.h</DeclaredIn>
			
			<Declaration>@property (nonatomic, assign) BOOL showPercentage</Declaration>
			
			
			<Anchor>//api/name/showPercentage</Anchor>
            <NodeRef refid="4"/>
		</Token>
		
		<Token>
			<TokenIdentifier>//apple_ref/occ/instp/M13ProgressViewBar/showPercentage</TokenIdentifier>
			<Abstract type="html">Wether or not to show percentage text. If shown exterior to the progress bar, the progress bar is shifted to make room for the text.</Abstract>
			<DeclaredIn>M13ProgressViewBar.h</DeclaredIn>
			
			<Declaration>@property (nonatomic, assign) BOOL showPercentage</Declaration>
			
			
			<Anchor>//api/name/showPercentage</Anchor>
            <NodeRef refid="4"/>
		</Token>
		
		<Token>
			<TokenIdentifier>//apple_ref/occ/instm/M13ProgressViewBar/setPercentagePosition:</TokenIdentifier>
			<Abstract type="html">The location of the percentage in comparison to the progress bar.</Abstract>
			<DeclaredIn>M13ProgressViewBar.h</DeclaredIn>
			
			<Declaration>@property (nonatomic, assign) M13ProgressViewBarPercentagePosition percentagePosition</Declaration>
			
			
			<Anchor>//api/name/percentagePosition</Anchor>
            <NodeRef refid="4"/>
		</Token>
		
		<Token>
			<TokenIdentifier>//apple_ref/occ/instm/M13ProgressViewBar/percentagePosition</TokenIdentifier>
			<Abstract type="html">The location of the percentage in comparison to the progress bar.</Abstract>
			<DeclaredIn>M13ProgressViewBar.h</DeclaredIn>
			
			<Declaration>@property (nonatomic, assign) M13ProgressViewBarPercentagePosition percentagePosition</Declaration>
			
			
			<Anchor>//api/name/percentagePosition</Anchor>
            <NodeRef refid="4"/>
		</Token>
		
		<Token>
			<TokenIdentifier>//apple_ref/occ/instp/M13ProgressViewBar/percentagePosition</TokenIdentifier>
			<Abstract type="html">The location of the percentage in comparison to the progress bar.</Abstract>
			<DeclaredIn>M13ProgressViewBar.h</DeclaredIn>
			
			<Declaration>@property (nonatomic, assign) M13ProgressViewBarPercentagePosition percentagePosition</Declaration>
			
			
			<Anchor>//api/name/percentagePosition</Anchor>
            <NodeRef refid="4"/>
		</Token>
		
		<Token>
			<TokenIdentifier>//apple_ref/occ/instm/M13ProgressViewBar/setPrimaryColor:</TokenIdentifier>
			<Abstract type="html">The primary color of the M13ProgressView.</Abstract>
			<DeclaredIn>M13ProgressViewBar.m</DeclaredIn>
			
			<Declaration>- (void)setPrimaryColor:(UIColor *)primaryColor</Declaration>
			
			
			<Anchor>//api/name/setPrimaryColor:</Anchor>
            <NodeRef refid="4"/>
		</Token>
		
		<Token>
			<TokenIdentifier>//apple_ref/occ/instm/M13ProgressViewBar/setSecondaryColor:</TokenIdentifier>
			<Abstract type="html">The secondary color of the M13ProgressView.</Abstract>
			<DeclaredIn>M13ProgressViewBar.m</DeclaredIn>
			
			<Declaration>- (void)setSecondaryColor:(UIColor *)secondaryColor</Declaration>
			
			
			<Anchor>//api/name/setSecondaryColor:</Anchor>
            <NodeRef refid="4"/>
		</Token>
		
		<Token>
			<TokenIdentifier>//apple_ref/occ/instm/M13ProgressViewBar/setProgress:animated:</TokenIdentifier>
			<Abstract type="html">Set the progress of the M13ProgressView.</Abstract>
			<DeclaredIn>M13ProgressViewBar.m</DeclaredIn>
			
			<Declaration>- (void)setProgress:(CGFloat)progress animated:(BOOL)animated</Declaration>
			<Parameters>
				<Parameter>
					<Name>progress</Name>
					<Abstract type="html">The progress to show on the progress view.</Abstract>
				</Parameter><Parameter>
					<Name>animated</Name>
					<Abstract type="html">Wether or not to animate the progress change.</Abstract>
				</Parameter>
			</Parameters>
			
			<Anchor>//api/name/setProgress:animated:</Anchor>
            <NodeRef refid="4"/>
		</Token>
		
		<Token>
			<TokenIdentifier>//apple_ref/occ/instm/M13ProgressViewBar/performAction:animated:</TokenIdentifier>
			<Abstract type="html">Perform the given action if defined. Usually showing success or failure.</Abstract>
			<DeclaredIn>M13ProgressViewBar.m</DeclaredIn>
			
			<Declaration>- (void)performAction:(M13ProgressViewAction)action animated:(BOOL)animated</Declaration>
			<Parameters>
				<Parameter>
					<Name>action</Name>
					<Abstract type="html">The action to perform.</Abstract>
				</Parameter><Parameter>
					<Name>animated</Name>
					<Abstract type="html">Wether or not to animate the change</Abstract>
				</Parameter>
			</Parameters>
			
			<Anchor>//api/name/performAction:animated:</Anchor>
            <NodeRef refid="4"/>
		</Token>
		
		<Token>
			<TokenIdentifier>//apple_ref/occ/instm/M13ProgressViewBar/setIndeterminate:</TokenIdentifier>
			<Abstract type="html">Wether or not the progress view is indeterminate.</Abstract>
			<DeclaredIn>M13ProgressViewBar.m</DeclaredIn>
			
			<Declaration>- (void)setIndeterminate:(BOOL)indeterminate</Declaration>
			
			
			<Anchor>//api/name/setIndeterminate:</Anchor>
            <NodeRef refid="4"/>
		</Token>
		
		<Token>
			<TokenIdentifier>//apple_ref/occ/instm/M13ProgressViewBar/setPercentageFormatter:</TokenIdentifier>
			<Abstract type="html">The number formatter to display the progress percentage.</Abstract>
			<DeclaredIn>M13ProgressViewBar.m</DeclaredIn>
			
			<Declaration>@property (nonatomic, retain) NSNumberFormatter *percentageFormatter</Declaration>
			
			
			<Anchor>//api/name/percentageFormatter</Anchor>
            <NodeRef refid="4"/>
		</Token>
		
		<Token>
			<TokenIdentifier>//apple_ref/occ/instm/M13ProgressViewBar/percentageFormatter</TokenIdentifier>
			<Abstract type="html">The number formatter to display the progress percentage.</Abstract>
			<DeclaredIn>M13ProgressViewBar.m</DeclaredIn>
			
			<Declaration>@property (nonatomic, retain) NSNumberFormatter *percentageFormatter</Declaration>
			
			
			<Anchor>//api/name/percentageFormatter</Anchor>
            <NodeRef refid="4"/>
		</Token>
		
		<Token>
			<TokenIdentifier>//apple_ref/occ/instp/M13ProgressViewBar/percentageFormatter</TokenIdentifier>
			<Abstract type="html">The number formatter to display the progress percentage.</Abstract>
			<DeclaredIn>M13ProgressViewBar.m</DeclaredIn>
			
			<Declaration>@property (nonatomic, retain) NSNumberFormatter *percentageFormatter</Declaration>
			
			
			<Anchor>//api/name/percentageFormatter</Anchor>
            <NodeRef refid="4"/>
		</Token>
		
		<Token>
			<TokenIdentifier>//apple_ref/occ/instm/M13ProgressViewBar/setPercentageLabel:</TokenIdentifier>
			<Abstract type="html">The label that shows the percentage.</Abstract>
			<DeclaredIn>M13ProgressViewBar.m</DeclaredIn>
			
			<Declaration>@property (nonatomic, retain) CATextLayer *percentageLabel</Declaration>
			
			
			<Anchor>//api/name/percentageLabel</Anchor>
            <NodeRef refid="4"/>
		</Token>
		
		<Token>
			<TokenIdentifier>//apple_ref/occ/instm/M13ProgressViewBar/percentageLabel</TokenIdentifier>
			<Abstract type="html">The label that shows the percentage.</Abstract>
			<DeclaredIn>M13ProgressViewBar.m</DeclaredIn>
			
			<Declaration>@property (nonatomic, retain) CATextLayer *percentageLabel</Declaration>
			
			
			<Anchor>//api/name/percentageLabel</Anchor>
            <NodeRef refid="4"/>
		</Token>
		
		<Token>
			<TokenIdentifier>//apple_ref/occ/instp/M13ProgressViewBar/percentageLabel</TokenIdentifier>
			<Abstract type="html">The label that shows the percentage.</Abstract>
			<DeclaredIn>M13ProgressViewBar.m</DeclaredIn>
			
			<Declaration>@property (nonatomic, retain) CATextLayer *percentageLabel</Declaration>
			
			
			<Anchor>//api/name/percentageLabel</Anchor>
            <NodeRef refid="4"/>
		</Token>
		
		<Token>
			<TokenIdentifier>//apple_ref/occ/instm/M13ProgressViewBar/setAnimationFromValue:</TokenIdentifier>
			<Abstract type="html">The start progress for the progress animation.</Abstract>
			<DeclaredIn>M13ProgressViewBar.m</DeclaredIn>
			
			<Declaration>@property (nonatomic, assign) CGFloat animationFromValue</Declaration>
			
			
			<Anchor>//api/name/animationFromValue</Anchor>
            <NodeRef refid="4"/>
		</Token>
		
		<Token>
			<TokenIdentifier>//apple_ref/occ/instm/M13ProgressViewBar/animationFromValue</TokenIdentifier>
			<Abstract type="html">The start progress for the progress animation.</Abstract>
			<DeclaredIn>M13ProgressViewBar.m</DeclaredIn>
			
			<Declaration>@property (nonatomic, assign) CGFloat animationFromValue</Declaration>
			
			
			<Anchor>//api/name/animationFromValue</Anchor>
            <NodeRef refid="4"/>
		</Token>
		
		<Token>
			<TokenIdentifier>//apple_ref/occ/instp/M13ProgressViewBar/animationFromValue</TokenIdentifier>
			<Abstract type="html">The start progress for the progress animation.</Abstract>
			<DeclaredIn>M13ProgressViewBar.m</DeclaredIn>
			
			<Declaration>@property (nonatomic, assign) CGFloat animationFromValue</Declaration>
			
			
			<Anchor>//api/name/animationFromValue</Anchor>
            <NodeRef refid="4"/>
		</Token>
		
		<Token>
			<TokenIdentifier>//apple_ref/occ/instm/M13ProgressViewBar/setAnimationToValue:</TokenIdentifier>
			<Abstract type="html">The end progress for the progress animation.</Abstract>
			<DeclaredIn>M13ProgressViewBar.m</DeclaredIn>
			
			<Declaration>@property (nonatomic, assign) CGFloat animationToValue</Declaration>
			
			
			<Anchor>//api/name/animationToValue</Anchor>
            <NodeRef refid="4"/>
		</Token>
		
		<Token>
			<TokenIdentifier>//apple_ref/occ/instm/M13ProgressViewBar/animationToValue</TokenIdentifier>
			<Abstract type="html">The end progress for the progress animation.</Abstract>
			<DeclaredIn>M13ProgressViewBar.m</DeclaredIn>
			
			<Declaration>@property (nonatomic, assign) CGFloat animationToValue</Declaration>
			
			
			<Anchor>//api/name/animationToValue</Anchor>
            <NodeRef refid="4"/>
		</Token>
		
		<Token>
			<TokenIdentifier>//apple_ref/occ/instp/M13ProgressViewBar/animationToValue</TokenIdentifier>
			<Abstract type="html">The end progress for the progress animation.</Abstract>
			<DeclaredIn>M13ProgressViewBar.m</DeclaredIn>
			
			<Declaration>@property (nonatomic, assign) CGFloat animationToValue</Declaration>
			
			
			<Anchor>//api/name/animationToValue</Anchor>
            <NodeRef refid="4"/>
		</Token>
		
		<Token>
			<TokenIdentifier>//apple_ref/occ/instm/M13ProgressViewBar/setAnimationStartTime:</TokenIdentifier>
			<Abstract type="html">The start time interval for the animaiton.</Abstract>
			<DeclaredIn>M13ProgressViewBar.m</DeclaredIn>
			
			<Declaration>@property (nonatomic, assign) CFTimeInterval animationStartTime</Declaration>
			
			
			<Anchor>//api/name/animationStartTime</Anchor>
            <NodeRef refid="4"/>
		</Token>
		
		<Token>
			<TokenIdentifier>//apple_ref/occ/instm/M13ProgressViewBar/animationStartTime</TokenIdentifier>
			<Abstract type="html">The start time interval for the animaiton.</Abstract>
			<DeclaredIn>M13ProgressViewBar.m</DeclaredIn>
			
			<Declaration>@property (nonatomic, assign) CFTimeInterval animationStartTime</Declaration>
			
			
			<Anchor>//api/name/animationStartTime</Anchor>
            <NodeRef refid="4"/>
		</Token>
		
		<Token>
			<TokenIdentifier>//apple_ref/occ/instp/M13ProgressViewBar/animationStartTime</TokenIdentifier>
			<Abstract type="html">The start time interval for the animaiton.</Abstract>
			<DeclaredIn>M13ProgressViewBar.m</DeclaredIn>
			
			<Declaration>@property (nonatomic, assign) CFTimeInterval animationStartTime</Declaration>
			
			
			<Anchor>//api/name/animationStartTime</Anchor>
            <NodeRef refid="4"/>
		</Token>
		
		<Token>
			<TokenIdentifier>//apple_ref/occ/instm/M13ProgressViewBar/setDisplayLink:</TokenIdentifier>
			<Abstract type="html">Link to the display to keep animations in sync.</Abstract>
			<DeclaredIn>M13ProgressViewBar.m</DeclaredIn>
			
			<Declaration>@property (nonatomic, strong) CADisplayLink *displayLink</Declaration>
			
			
			<Anchor>//api/name/displayLink</Anchor>
            <NodeRef refid="4"/>
		</Token>
		
		<Token>
			<TokenIdentifier>//apple_ref/occ/instm/M13ProgressViewBar/displayLink</TokenIdentifier>
			<Abstract type="html">Link to the display to keep animations in sync.</Abstract>
			<DeclaredIn>M13ProgressViewBar.m</DeclaredIn>
			
			<Declaration>@property (nonatomic, strong) CADisplayLink *displayLink</Declaration>
			
			
			<Anchor>//api/name/displayLink</Anchor>
            <NodeRef refid="4"/>
		</Token>
		
		<Token>
			<TokenIdentifier>//apple_ref/occ/instp/M13ProgressViewBar/displayLink</TokenIdentifier>
			<Abstract type="html">Link to the display to keep animations in sync.</Abstract>
			<DeclaredIn>M13ProgressViewBar.m</DeclaredIn>
			
			<Declaration>@property (nonatomic, strong) CADisplayLink *displayLink</Declaration>
			
			
			<Anchor>//api/name/displayLink</Anchor>
            <NodeRef refid="4"/>
		</Token>
		
		<Token>
			<TokenIdentifier>//apple_ref/occ/instm/M13ProgressViewBar/setProgressBar:</TokenIdentifier>
			<Abstract type="html">The view of the progress bar.</Abstract>
			<DeclaredIn>M13ProgressViewBar.m</DeclaredIn>
			
			<Declaration>@property (nonatomic, retain) UIView *progressBar</Declaration>
			
			
			<Anchor>//api/name/progressBar</Anchor>
            <NodeRef refid="4"/>
		</Token>
		
		<Token>
			<TokenIdentifier>//apple_ref/occ/instm/M13ProgressViewBar/progressBar</TokenIdentifier>
			<Abstract type="html">The view of the progress bar.</Abstract>
			<DeclaredIn>M13ProgressViewBar.m</DeclaredIn>
			
			<Declaration>@property (nonatomic, retain) UIView *progressBar</Declaration>
			
			
			<Anchor>//api/name/progressBar</Anchor>
            <NodeRef refid="4"/>
		</Token>
		
		<Token>
			<TokenIdentifier>//apple_ref/occ/instp/M13ProgressViewBar/progressBar</TokenIdentifier>
			<Abstract type="html">The view of the progress bar.</Abstract>
			<DeclaredIn>M13ProgressViewBar.m</DeclaredIn>
			
			<Declaration>@property (nonatomic, retain) UIView *progressBar</Declaration>
			
			
			<Anchor>//api/name/progressBar</Anchor>
            <NodeRef refid="4"/>
		</Token>
		
		<Token>
			<TokenIdentifier>//apple_ref/occ/instm/M13ProgressViewBar/setProgressLayer:</TokenIdentifier>
			<Abstract type="html">The layer that displays progress in the progress bar.</Abstract>
			<DeclaredIn>M13ProgressViewBar.m</DeclaredIn>
			
			<Declaration>@property (nonatomic, retain) CAShapeLayer *progressLayer</Declaration>
			
			
			<Anchor>//api/name/progressLayer</Anchor>
            <NodeRef refid="4"/>
		</Token>
		
		<Token>
			<TokenIdentifier>//apple_ref/occ/instm/M13ProgressViewBar/progressLayer</TokenIdentifier>
			<Abstract type="html">The layer that displays progress in the progress bar.</Abstract>
			<DeclaredIn>M13ProgressViewBar.m</DeclaredIn>
			
			<Declaration>@property (nonatomic, retain) CAShapeLayer *progressLayer</Declaration>
			
			
			<Anchor>//api/name/progressLayer</Anchor>
            <NodeRef refid="4"/>
		</Token>
		
		<Token>
			<TokenIdentifier>//apple_ref/occ/instp/M13ProgressViewBar/progressLayer</TokenIdentifier>
			<Abstract type="html">The layer that displays progress in the progress bar.</Abstract>
			<DeclaredIn>M13ProgressViewBar.m</DeclaredIn>
			
			<Declaration>@property (nonatomic, retain) CAShapeLayer *progressLayer</Declaration>
			
			
			<Anchor>//api/name/progressLayer</Anchor>
            <NodeRef refid="4"/>
		</Token>
		
		<Token>
			<TokenIdentifier>//apple_ref/occ/instm/M13ProgressViewBar/setIndeterminateLayer:</TokenIdentifier>
			<Abstract type="html">The layer that is used to animate indeterminate progress.</Abstract>
			<DeclaredIn>M13ProgressViewBar.m</DeclaredIn>
			
			<Declaration>@property (nonatomic, retain) CALayer *indeterminateLayer</Declaration>
			
			
			<Anchor>//api/name/indeterminateLayer</Anchor>
            <NodeRef refid="4"/>
		</Token>
		
		<Token>
			<TokenIdentifier>//apple_ref/occ/instm/M13ProgressViewBar/indeterminateLayer</TokenIdentifier>
			<Abstract type="html">The layer that is used to animate indeterminate progress.</Abstract>
			<DeclaredIn>M13ProgressViewBar.m</DeclaredIn>
			
			<Declaration>@property (nonatomic, retain) CALayer *indeterminateLayer</Declaration>
			
			
			<Anchor>//api/name/indeterminateLayer</Anchor>
            <NodeRef refid="4"/>
		</Token>
		
		<Token>
			<TokenIdentifier>//apple_ref/occ/instp/M13ProgressViewBar/indeterminateLayer</TokenIdentifier>
			<Abstract type="html">The layer that is used to animate indeterminate progress.</Abstract>
			<DeclaredIn>M13ProgressViewBar.m</DeclaredIn>
			
			<Declaration>@property (nonatomic, retain) CALayer *indeterminateLayer</Declaration>
			
			
			<Anchor>//api/name/indeterminateLayer</Anchor>
            <NodeRef refid="4"/>
		</Token>
		
		<Token>
			<TokenIdentifier>//apple_ref/occ/instm/M13ProgressViewBar/setCurrentAction:</TokenIdentifier>
			<Abstract type="html">The action currently being performed.</Abstract>
			<DeclaredIn>M13ProgressViewBar.m</DeclaredIn>
			
			<Declaration>@property (nonatomic, assign) M13ProgressViewAction currentAction</Declaration>
			
			
			<Anchor>//api/name/currentAction</Anchor>
            <NodeRef refid="4"/>
		</Token>
		
		<Token>
			<TokenIdentifier>//apple_ref/occ/instm/M13ProgressViewBar/currentAction</TokenIdentifier>
			<Abstract type="html">The action currently being performed.</Abstract>
			<DeclaredIn>M13ProgressViewBar.m</DeclaredIn>
			
			<Declaration>@property (nonatomic, assign) M13ProgressViewAction currentAction</Declaration>
			
			
			<Anchor>//api/name/currentAction</Anchor>
            <NodeRef refid="4"/>
		</Token>
		
		<Token>
			<TokenIdentifier>//apple_ref/occ/instp/M13ProgressViewBar/currentAction</TokenIdentifier>
			<Abstract type="html">The action currently being performed.</Abstract>
			<DeclaredIn>M13ProgressViewBar.m</DeclaredIn>
			
			<Declaration>@property (nonatomic, assign) M13ProgressViewAction currentAction</Declaration>
			
			
			<Anchor>//api/name/currentAction</Anchor>
            <NodeRef refid="4"/>
		</Token>
		
        
	</File>
</Tokens>