<?xml version="1.0" encoding="UTF-8"?>
<Tokens version="1.0">
	<File path="Classes/M13ProgressViewRing.html">
		
		<Token>
			<TokenIdentifier>//apple_ref/occ/cl/M13ProgressViewRing</TokenIdentifier>
			<Abstract type="html">A progress view stylized similarly to the iOS 7 App store progress view.</Abstract>
			<DeclaredIn>M13ProgressViewRing.h</DeclaredIn>
            
			
			<NodeRef refid="14"/>
		</Token>
		
		
		<Token>
			<TokenIdentifier>//apple_ref/occ/instm/M13ProgressViewRing/setBackgroundRingWidth:</TokenIdentifier>
			<Abstract type="html">The width of the background ring in points.</Abstract>
			<DeclaredIn>M13ProgressViewRing.h</DeclaredIn>
			
			<Declaration>@property (nonatomic, assign) CGFloat backgroundRingWidth</Declaration>
			
			
			<Anchor>//api/name/backgroundRingWidth</Anchor>
            <NodeRef refid="14"/>
		</Token>
		
		<Token>
			<TokenIdentifier>//apple_ref/occ/instm/M13ProgressViewRing/backgroundRingWidth</TokenIdentifier>
			<Abstract type="html">The width of the background ring in points.</Abstract>
			<DeclaredIn>M13ProgressViewRing.h</DeclaredIn>
			
			<Declaration>@property (nonatomic, assign) CGFloat backgroundRingWidth</Declaration>
			
			
			<Anchor>//api/name/backgroundRingWidth</Anchor>
            <NodeRef refid="14"/>
		</Token>
		
		<Token>
			<TokenIdentifier>//apple_ref/occ/instp/M13ProgressViewRing/backgroundRingWidth</TokenIdentifier>
			<Abstract type="html">The width of the background ring in points.</Abstract>
			<DeclaredIn>M13ProgressViewRing.h</DeclaredIn>
			
			<Declaration>@property (nonatomic, assign) CGFloat backgroundRingWidth</Declaration>
			
			
			<Anchor>//api/name/backgroundRingWidth</Anchor>
            <NodeRef refid="14"/>
		</Token>
		
		<Token>
			<TokenIdentifier>//apple_ref/occ/instm/M13ProgressViewRing/setProgressRingWidth:</TokenIdentifier>
			<Abstract type="html">The width of the progress ring in points.</Abstract>
			<DeclaredIn>M13ProgressViewRing.h</DeclaredIn>
			
			<Declaration>@property (nonatomic, assign) CGFloat progressRingWidth</Declaration>
			
			
			<Anchor>//api/name/progressRingWidth</Anchor>
            <NodeRef refid="14"/>
		</Token>
		
		<Token>
			<TokenIdentifier>//apple_ref/occ/instm/M13ProgressViewRing/progressRingWidth</TokenIdentifier>
			<Abstract type="html">The width of the progress ring in points.</Abstract>
			<DeclaredIn>M13ProgressViewRing.h</DeclaredIn>
			
			<Declaration>@property (nonatomic, assign) CGFloat progressRingWidth</Declaration>
			
			
			<Anchor>//api/name/progressRingWidth</Anchor>
            <NodeRef refid="14"/>
		</Token>
		
		<Token>
			<TokenIdentifier>//apple_ref/occ/instp/M13ProgressViewRing/progressRingWidth</TokenIdentifier>
			<Abstract type="html">The width of the progress ring in points.</Abstract>
			<DeclaredIn>M13ProgressViewRing.h</DeclaredIn>
			
			<Declaration>@property (nonatomic, assign) CGFloat progressRingWidth</Declaration>
			
			
			<Anchor>//api/name/progressRingWidth</Anchor>
            <NodeRef refid="14"/>
		</Token>
		
		<Token>
			<TokenIdentifier>//apple_ref/occ/instm/M13ProgressViewRing/setShowPercentage:</TokenIdentifier>
			<Abstract type="html">Wether or not to display a percentage inside the ring.</Abstract>
			<DeclaredIn>M13ProgressViewRing.h</DeclaredIn>
			
			<Declaration>@property (nonatomic, assign) BOOL showPercentage</Declaration>
			
			
			<Anchor>//api/name/showPercentage</Anchor>
            <NodeRef refid="14"/>
		</Token>
		
		<Token>
			<TokenIdentifier>//apple_ref/occ/instm/M13ProgressViewRing/showPercentage</TokenIdentifier>
			<Abstract type="html">Wether or not to display a percentage inside the ring.</Abstract>
			<DeclaredIn>M13ProgressViewRing.h</DeclaredIn>
			
			<Declaration>@property (nonatomic, assign) BOOL showPercentage</Declaration>
			
			
			<Anchor>//api/name/showPercentage</Anchor>
            <NodeRef refid="14"/>
		</Token>
		
		<Token>
			<TokenIdentifier>//apple_ref/occ/instp/M13ProgressViewRing/showPercentage</TokenIdentifier>
			<Abstract type="html">Wether or not to display a percentage inside the ring.</Abstract>
			<DeclaredIn>M13ProgressViewRing.h</DeclaredIn>
			
			<Declaration>@property (nonatomic, assign) BOOL showPercentage</Declaration>
			
			
			<Anchor>//api/name/showPercentage</Anchor>
            <NodeRef refid="14"/>
		</Token>
		
		<Token>
			<TokenIdentifier>//apple_ref/occ/instm/M13ProgressViewRing/setPrimaryColor:</TokenIdentifier>
			<Abstract type="html">The primary color of the M13ProgressView.</Abstract>
			<DeclaredIn>M13ProgressViewRing.m</DeclaredIn>
			
			<Declaration>- (void)setPrimaryColor:(UIColor *)primaryColor</Declaration>
			
			
			<Anchor>//api/name/setPrimaryColor:</Anchor>
            <NodeRef refid="14"/>
		</Token>
		
		<Token>
			<TokenIdentifier>//apple_ref/occ/instm/M13ProgressViewRing/setSecondaryColor:</TokenIdentifier>
			<Abstract type="html">The secondary color of the M13ProgressView.</Abstract>
			<DeclaredIn>M13ProgressViewRing.m</DeclaredIn>
			
			<Declaration>- (void)setSecondaryColor:(UIColor *)secondaryColor</Declaration>
			
			
			<Anchor>//api/name/setSecondaryColor:</Anchor>
            <NodeRef refid="14"/>
		</Token>
		
		<Token>
			<TokenIdentifier>//apple_ref/occ/instm/M13ProgressViewRing/setProgress:animated:</TokenIdentifier>
			<Abstract type="html">Set the progress of the M13ProgressView.</Abstract>
			<DeclaredIn>M13ProgressViewRing.m</DeclaredIn>
			
			<Declaration>- (void)setProgress:(CGFloat)progress animated:(BOOL)animated</Declaration>
			<Parameters>
				<Parameter>
					<Name>progress</Name>
					<Abstract type="html">The progress to show on the progress view.</Abstract>
				</Parameter><Parameter>
					<Name>animated</Name>
					<Abstract type="html">Wether or not to animate the progress change.</Abstract>
				</Parameter>
			</Parameters>
			
			<Anchor>//api/name/setProgress:animated:</Anchor>
            <NodeRef refid="14"/>
		</Token>
		
		<Token>
			<TokenIdentifier>//apple_ref/occ/instm/M13ProgressViewRing/performAction:animated:</TokenIdentifier>
			<Abstract type="html">Perform the given action if defined. Usually showing success or failure.</Abstract>
			<DeclaredIn>M13ProgressViewRing.m</DeclaredIn>
			
			<Declaration>- (void)performAction:(M13ProgressViewAction)action animated:(BOOL)animated</Declaration>
			<Parameters>
				<Parameter>
					<Name>action</Name>
					<Abstract type="html">The action to perform.</Abstract>
				</Parameter><Parameter>
					<Name>animated</Name>
					<Abstract type="html">Wether or not to animate the change</Abstract>
				</Parameter>
			</Parameters>
			
			<Anchor>//api/name/performAction:animated:</Anchor>
            <NodeRef refid="14"/>
		</Token>
		
		<Token>
			<TokenIdentifier>//apple_ref/occ/instm/M13ProgressViewRing/setIndeterminate:</TokenIdentifier>
			<Abstract type="html">Wether or not the progress view is indeterminate.</Abstract>
			<DeclaredIn>M13ProgressViewRing.m</DeclaredIn>
			
			<Declaration>- (void)setIndeterminate:(BOOL)indeterminate</Declaration>
			
			
			<Anchor>//api/name/setIndeterminate:</Anchor>
            <NodeRef refid="14"/>
		</Token>
		
		<Token>
			<TokenIdentifier>//apple_ref/occ/instm/M13ProgressViewRing/setPercentageFormatter:</TokenIdentifier>
			<Abstract type="html">The number formatter to display the progress percentage.</Abstract>
			<DeclaredIn>M13ProgressViewRing.m</DeclaredIn>
			
			<Declaration>@property (nonatomic, retain) NSNumberFormatter *percentageFormatter</Declaration>
			
			
			<Anchor>//api/name/percentageFormatter</Anchor>
            <NodeRef refid="14"/>
		</Token>
		
		<Token>
			<TokenIdentifier>//apple_ref/occ/instm/M13ProgressViewRing/percentageFormatter</TokenIdentifier>
			<Abstract type="html">The number formatter to display the progress percentage.</Abstract>
			<DeclaredIn>M13ProgressViewRing.m</DeclaredIn>
			
			<Declaration>@property (nonatomic, retain) NSNumberFormatter *percentageFormatter</Declaration>
			
			
			<Anchor>//api/name/percentageFormatter</Anchor>
            <NodeRef refid="14"/>
		</Token>
		
		<Token>
			<TokenIdentifier>//apple_ref/occ/instp/M13ProgressViewRing/percentageFormatter</TokenIdentifier>
			<Abstract type="html">The number formatter to display the progress percentage.</Abstract>
			<DeclaredIn>M13ProgressViewRing.m</DeclaredIn>
			
			<Declaration>@property (nonatomic, retain) NSNumberFormatter *percentageFormatter</Declaration>
			
			
			<Anchor>//api/name/percentageFormatter</Anchor>
            <NodeRef refid="14"/>
		</Token>
		
		<Token>
			<TokenIdentifier>//apple_ref/occ/instm/M13ProgressViewRing/setPercentageLabel:</TokenIdentifier>
			<Abstract type="html">The label that shows the percentage.</Abstract>
			<DeclaredIn>M13ProgressViewRing.m</DeclaredIn>
			
			<Declaration>@property (nonatomic, retain) UILabel *percentageLabel</Declaration>
			
			
			<Anchor>//api/name/percentageLabel</Anchor>
            <NodeRef refid="14"/>
		</Token>
		
		<Token>
			<TokenIdentifier>//apple_ref/occ/instm/M13ProgressViewRing/percentageLabel</TokenIdentifier>
			<Abstract type="html">The label that shows the percentage.</Abstract>
			<DeclaredIn>M13ProgressViewRing.m</DeclaredIn>
			
			<Declaration>@property (nonatomic, retain) UILabel *percentageLabel</Declaration>
			
			
			<Anchor>//api/name/percentageLabel</Anchor>
            <NodeRef refid="14"/>
		</Token>
		
		<Token>
			<TokenIdentifier>//apple_ref/occ/instp/M13ProgressViewRing/percentageLabel</TokenIdentifier>
			<Abstract type="html">The label that shows the percentage.</Abstract>
			<DeclaredIn>M13ProgressViewRing.m</DeclaredIn>
			
			<Declaration>@property (nonatomic, retain) UILabel *percentageLabel</Declaration>
			
			
			<Anchor>//api/name/percentageLabel</Anchor>
            <NodeRef refid="14"/>
		</Token>
		
		<Token>
			<TokenIdentifier>//apple_ref/occ/instm/M13ProgressViewRing/setAnimationFromValue:</TokenIdentifier>
			<Abstract type="html">The start progress for the progress animation.</Abstract>
			<DeclaredIn>M13ProgressViewRing.m</DeclaredIn>
			
			<Declaration>@property (nonatomic, assign) CGFloat animationFromValue</Declaration>
			
			
			<Anchor>//api/name/animationFromValue</Anchor>
            <NodeRef refid="14"/>
		</Token>
		
		<Token>
			<TokenIdentifier>//apple_ref/occ/instm/M13ProgressViewRing/animationFromValue</TokenIdentifier>
			<Abstract type="html">The start progress for the progress animation.</Abstract>
			<DeclaredIn>M13ProgressViewRing.m</DeclaredIn>
			
			<Declaration>@property (nonatomic, assign) CGFloat animationFromValue</Declaration>
			
			
			<Anchor>//api/name/animationFromValue</Anchor>
            <NodeRef refid="14"/>
		</Token>
		
		<Token>
			<TokenIdentifier>//apple_ref/occ/instp/M13ProgressViewRing/animationFromValue</TokenIdentifier>
			<Abstract type="html">The start progress for the progress animation.</Abstract>
			<DeclaredIn>M13ProgressViewRing.m</DeclaredIn>
			
			<Declaration>@property (nonatomic, assign) CGFloat animationFromValue</Declaration>
			
			
			<Anchor>//api/name/animationFromValue</Anchor>
            <NodeRef refid="14"/>
		</Token>
		
		<Token>
			<TokenIdentifier>//apple_ref/occ/instm/M13ProgressViewRing/setAnimationToValue:</TokenIdentifier>
			<Abstract type="html">The end progress for the progress animation.</Abstract>
			<DeclaredIn>M13ProgressViewRing.m</DeclaredIn>
			
			<Declaration>@property (nonatomic, assign) CGFloat animationToValue</Declaration>
			
			
			<Anchor>//api/name/animationToValue</Anchor>
            <NodeRef refid="14"/>
		</Token>
		
		<Token>
			<TokenIdentifier>//apple_ref/occ/instm/M13ProgressViewRing/animationToValue</TokenIdentifier>
			<Abstract type="html">The end progress for the progress animation.</Abstract>
			<DeclaredIn>M13ProgressViewRing.m</DeclaredIn>
			
			<Declaration>@property (nonatomic, assign) CGFloat animationToValue</Declaration>
			
			
			<Anchor>//api/name/animationToValue</Anchor>
            <NodeRef refid="14"/>
		</Token>
		
		<Token>
			<TokenIdentifier>//apple_ref/occ/instp/M13ProgressViewRing/animationToValue</TokenIdentifier>
			<Abstract type="html">The end progress for the progress animation.</Abstract>
			<DeclaredIn>M13ProgressViewRing.m</DeclaredIn>
			
			<Declaration>@property (nonatomic, assign) CGFloat animationToValue</Declaration>
			
			
			<Anchor>//api/name/animationToValue</Anchor>
            <NodeRef refid="14"/>
		</Token>
		
		<Token>
			<TokenIdentifier>//apple_ref/occ/instm/M13ProgressViewRing/setAnimationStartTime:</TokenIdentifier>
			<Abstract type="html">The start time interval for the animaiton.</Abstract>
			<DeclaredIn>M13ProgressViewRing.m</DeclaredIn>
			
			<Declaration>@property (nonatomic, assign) CFTimeInterval animationStartTime</Declaration>
			
			
			<Anchor>//api/name/animationStartTime</Anchor>
            <NodeRef refid="14"/>
		</Token>
		
		<Token>
			<TokenIdentifier>//apple_ref/occ/instm/M13ProgressViewRing/animationStartTime</TokenIdentifier>
			<Abstract type="html">The start time interval for the animaiton.</Abstract>
			<DeclaredIn>M13ProgressViewRing.m</DeclaredIn>
			
			<Declaration>@property (nonatomic, assign) CFTimeInterval animationStartTime</Declaration>
			
			
			<Anchor>//api/name/animationStartTime</Anchor>
            <NodeRef refid="14"/>
		</Token>
		
		<Token>
			<TokenIdentifier>//apple_ref/occ/instp/M13ProgressViewRing/animationStartTime</TokenIdentifier>
			<Abstract type="html">The start time interval for the animaiton.</Abstract>
			<DeclaredIn>M13ProgressViewRing.m</DeclaredIn>
			
			<Declaration>@property (nonatomic, assign) CFTimeInterval animationStartTime</Declaration>
			
			
			<Anchor>//api/name/animationStartTime</Anchor>
            <NodeRef refid="14"/>
		</Token>
		
		<Token>
			<TokenIdentifier>//apple_ref/occ/instm/M13ProgressViewRing/setDisplayLink:</TokenIdentifier>
			<Abstract type="html">Link to the display to keep animations in sync.</Abstract>
			<DeclaredIn>M13ProgressViewRing.m</DeclaredIn>
			
			<Declaration>@property (nonatomic, strong) CADisplayLink *displayLink</Declaration>
			
			
			<Anchor>//api/name/displayLink</Anchor>
            <NodeRef refid="14"/>
		</Token>
		
		<Token>
			<TokenIdentifier>//apple_ref/occ/instm/M13ProgressViewRing/displayLink</TokenIdentifier>
			<Abstract type="html">Link to the display to keep animations in sync.</Abstract>
			<DeclaredIn>M13ProgressViewRing.m</DeclaredIn>
			
			<Declaration>@property (nonatomic, strong) CADisplayLink *displayLink</Declaration>
			
			
			<Anchor>//api/name/displayLink</Anchor>
            <NodeRef refid="14"/>
		</Token>
		
		<Token>
			<TokenIdentifier>//apple_ref/occ/instp/M13ProgressViewRing/displayLink</TokenIdentifier>
			<Abstract type="html">Link to the display to keep animations in sync.</Abstract>
			<DeclaredIn>M13ProgressViewRing.m</DeclaredIn>
			
			<Declaration>@property (nonatomic, strong) CADisplayLink *displayLink</Declaration>
			
			
			<Anchor>//api/name/displayLink</Anchor>
            <NodeRef refid="14"/>
		</Token>
		
		<Token>
			<TokenIdentifier>//apple_ref/occ/instm/M13ProgressViewRing/setProgressLayer:</TokenIdentifier>
			<Abstract type="html">The layer that progress is shown on.</Abstract>
			<DeclaredIn>M13ProgressViewRing.m</DeclaredIn>
			
			<Declaration>@property (nonatomic, retain) CAShapeLayer *progressLayer</Declaration>
			
			
			<Anchor>//api/name/progressLayer</Anchor>
            <NodeRef refid="14"/>
		</Token>
		
		<Token>
			<TokenIdentifier>//apple_ref/occ/instm/M13ProgressViewRing/progressLayer</TokenIdentifier>
			<Abstract type="html">The layer that progress is shown on.</Abstract>
			<DeclaredIn>M13ProgressViewRing.m</DeclaredIn>
			
			<Declaration>@property (nonatomic, retain) CAShapeLayer *progressLayer</Declaration>
			
			
			<Anchor>//api/name/progressLayer</Anchor>
            <NodeRef refid="14"/>
		</Token>
		
		<Token>
			<TokenIdentifier>//apple_ref/occ/instp/M13ProgressViewRing/progressLayer</TokenIdentifier>
			<Abstract type="html">The layer that progress is shown on.</Abstract>
			<DeclaredIn>M13ProgressViewRing.m</DeclaredIn>
			
			<Declaration>@property (nonatomic, retain) CAShapeLayer *progressLayer</Declaration>
			
			
			<Anchor>//api/name/progressLayer</Anchor>
            <NodeRef refid="14"/>
		</Token>
		
		<Token>
			<TokenIdentifier>//apple_ref/occ/instm/M13ProgressViewRing/setBackgroundLayer:</TokenIdentifier>
			<Abstract type="html">The layer that the background and indeterminate progress is shown on.</Abstract>
			<DeclaredIn>M13ProgressViewRing.m</DeclaredIn>
			
			<Declaration>@property (nonatomic, retain) CAShapeLayer *backgroundLayer</Declaration>
			
			
			<Anchor>//api/name/backgroundLayer</Anchor>
            <NodeRef refid="14"/>
		</Token>
		
		<Token>
			<TokenIdentifier>//apple_ref/occ/instm/M13ProgressViewRing/backgroundLayer</TokenIdentifier>
			<Abstract type="html">The layer that the background and indeterminate progress is shown on.</Abstract>
			<DeclaredIn>M13ProgressViewRing.m</DeclaredIn>
			
			<Declaration>@property (nonatomic, retain) CAShapeLayer *backgroundLayer</Declaration>
			
			
			<Anchor>//api/name/backgroundLayer</Anchor>
            <NodeRef refid="14"/>
		</Token>
		
		<Token>
			<TokenIdentifier>//apple_ref/occ/instp/M13ProgressViewRing/backgroundLayer</TokenIdentifier>
			<Abstract type="html">The layer that the background and indeterminate progress is shown on.</Abstract>
			<DeclaredIn>M13ProgressViewRing.m</DeclaredIn>
			
			<Declaration>@property (nonatomic, retain) CAShapeLayer *backgroundLayer</Declaration>
			
			
			<Anchor>//api/name/backgroundLayer</Anchor>
            <NodeRef refid="14"/>
		</Token>
		
		<Token>
			<TokenIdentifier>//apple_ref/occ/instm/M13ProgressViewRing/setIconLayer:</TokenIdentifier>
			<Abstract type="html">The layer that is used to render icons for success or failure.</Abstract>
			<DeclaredIn>M13ProgressViewRing.m</DeclaredIn>
			
			<Declaration>@property (nonatomic, retain) CAShapeLayer *iconLayer</Declaration>
			
			
			<Anchor>//api/name/iconLayer</Anchor>
            <NodeRef refid="14"/>
		</Token>
		
		<Token>
			<TokenIdentifier>//apple_ref/occ/instm/M13ProgressViewRing/iconLayer</TokenIdentifier>
			<Abstract type="html">The layer that is used to render icons for success or failure.</Abstract>
			<DeclaredIn>M13ProgressViewRing.m</DeclaredIn>
			
			<Declaration>@property (nonatomic, retain) CAShapeLayer *iconLayer</Declaration>
			
			
			<Anchor>//api/name/iconLayer</Anchor>
            <NodeRef refid="14"/>
		</Token>
		
		<Token>
			<TokenIdentifier>//apple_ref/occ/instp/M13ProgressViewRing/iconLayer</TokenIdentifier>
			<Abstract type="html">The layer that is used to render icons for success or failure.</Abstract>
			<DeclaredIn>M13ProgressViewRing.m</DeclaredIn>
			
			<Declaration>@property (nonatomic, retain) CAShapeLayer *iconLayer</Declaration>
			
			
			<Anchor>//api/name/iconLayer</Anchor>
            <NodeRef refid="14"/>
		</Token>
		
		<Token>
			<TokenIdentifier>//apple_ref/occ/instm/M13ProgressViewRing/setCurrentAction:</TokenIdentifier>
			<Abstract type="html">The action currently being performed.</Abstract>
			<DeclaredIn>M13ProgressViewRing.m</DeclaredIn>
			
			<Declaration>@property (nonatomic, assign) M13ProgressViewAction currentAction</Declaration>
			
			
			<Anchor>//api/name/currentAction</Anchor>
            <NodeRef refid="14"/>
		</Token>
		
		<Token>
			<TokenIdentifier>//apple_ref/occ/instm/M13ProgressViewRing/currentAction</TokenIdentifier>
			<Abstract type="html">The action currently being performed.</Abstract>
			<DeclaredIn>M13ProgressViewRing.m</DeclaredIn>
			
			<Declaration>@property (nonatomic, assign) M13ProgressViewAction currentAction</Declaration>
			
			
			<Anchor>//api/name/currentAction</Anchor>
            <NodeRef refid="14"/>
		</Token>
		
		<Token>
			<TokenIdentifier>//apple_ref/occ/instp/M13ProgressViewRing/currentAction</TokenIdentifier>
			<Abstract type="html">The action currently being performed.</Abstract>
			<DeclaredIn>M13ProgressViewRing.m</DeclaredIn>
			
			<Declaration>@property (nonatomic, assign) M13ProgressViewAction currentAction</Declaration>
			
			
			<Anchor>//api/name/currentAction</Anchor>
            <NodeRef refid="14"/>
		</Token>
		
        
	</File>
</Tokens>