<?xml version="1.0" encoding="UTF-8"?>
<Tokens version="1.0">
	<File path="Classes/M13ProgressViewLetterpress.html">
		
		<Token>
			<TokenIdentifier>//apple_ref/occ/cl/M13ProgressViewLetterpress</TokenIdentifier>
			<Abstract type="html"></Abstract>
			<DeclaredIn>M13ProgressViewLetterpress.h</DeclaredIn>
            
			
			<NodeRef refid="8"/>
		</Token>
		
		
		<Token>
			<TokenIdentifier>//apple_ref/occ/instm/M13ProgressViewLetterpress/setNumberOfGridPoints:</TokenIdentifier>
			<Abstract type="html">The number of grid points in each direction.</Abstract>
			<DeclaredIn>M13ProgressViewLetterpress.h</DeclaredIn>
			
			<Declaration>@property (nonatomic, assign) CGPoint numberOfGridPoints</Declaration>
			
			
			<Anchor>//api/name/numberOfGridPoints</Anchor>
            <NodeRef refid="8"/>
		</Token>
		
		<Token>
			<TokenIdentifier>//apple_ref/occ/instm/M13ProgressViewLetterpress/numberOfGridPoints</TokenIdentifier>
			<Abstract type="html">The number of grid points in each direction.</Abstract>
			<DeclaredIn>M13ProgressViewLetterpress.h</DeclaredIn>
			
			<Declaration>@property (nonatomic, assign) CGPoint numberOfGridPoints</Declaration>
			
			
			<Anchor>//api/name/numberOfGridPoints</Anchor>
            <NodeRef refid="8"/>
		</Token>
		
		<Token>
			<TokenIdentifier>//apple_ref/occ/instp/M13ProgressViewLetterpress/numberOfGridPoints</TokenIdentifier>
			<Abstract type="html">The number of grid points in each direction.</Abstract>
			<DeclaredIn>M13ProgressViewLetterpress.h</DeclaredIn>
			
			<Declaration>@property (nonatomic, assign) CGPoint numberOfGridPoints</Declaration>
			
			
			<Anchor>//api/name/numberOfGridPoints</Anchor>
            <NodeRef refid="8"/>
		</Token>
		
		<Token>
			<TokenIdentifier>//apple_ref/occ/instm/M13ProgressViewLetterpress/setPointShape:</TokenIdentifier>
			<Abstract type="html">The shape of the grid points.</Abstract>
			<DeclaredIn>M13ProgressViewLetterpress.h</DeclaredIn>
			
			<Declaration>@property (nonatomic, assign) M13ProgressViewLetterpressPointShape pointShape</Declaration>
			
			
			<Anchor>//api/name/pointShape</Anchor>
            <NodeRef refid="8"/>
		</Token>
		
		<Token>
			<TokenIdentifier>//apple_ref/occ/instm/M13ProgressViewLetterpress/pointShape</TokenIdentifier>
			<Abstract type="html">The shape of the grid points.</Abstract>
			<DeclaredIn>M13ProgressViewLetterpress.h</DeclaredIn>
			
			<Declaration>@property (nonatomic, assign) M13ProgressViewLetterpressPointShape pointShape</Declaration>
			
			
			<Anchor>//api/name/pointShape</Anchor>
            <NodeRef refid="8"/>
		</Token>
		
		<Token>
			<TokenIdentifier>//apple_ref/occ/instp/M13ProgressViewLetterpress/pointShape</TokenIdentifier>
			<Abstract type="html">The shape of the grid points.</Abstract>
			<DeclaredIn>M13ProgressViewLetterpress.h</DeclaredIn>
			
			<Declaration>@property (nonatomic, assign) M13ProgressViewLetterpressPointShape pointShape</Declaration>
			
			
			<Anchor>//api/name/pointShape</Anchor>
            <NodeRef refid="8"/>
		</Token>
		
		<Token>
			<TokenIdentifier>//apple_ref/occ/instm/M13ProgressViewLetterpress/setPointSpacing:</TokenIdentifier>
			<Abstract type="html">The amount of space between the grid points.</Abstract>
			<DeclaredIn>M13ProgressViewLetterpress.h</DeclaredIn>
			
			<Declaration>@property (nonatomic, assign) CGFloat pointSpacing</Declaration>
			
			
			<Anchor>//api/name/pointSpacing</Anchor>
            <NodeRef refid="8"/>
		</Token>
		
		<Token>
			<TokenIdentifier>//apple_ref/occ/instm/M13ProgressViewLetterpress/pointSpacing</TokenIdentifier>
			<Abstract type="html">The amount of space between the grid points.</Abstract>
			<DeclaredIn>M13ProgressViewLetterpress.h</DeclaredIn>
			
			<Declaration>@property (nonatomic, assign) CGFloat pointSpacing</Declaration>
			
			
			<Anchor>//api/name/pointSpacing</Anchor>
            <NodeRef refid="8"/>
		</Token>
		
		<Token>
			<TokenIdentifier>//apple_ref/occ/instp/M13ProgressViewLetterpress/pointSpacing</TokenIdentifier>
			<Abstract type="html">The amount of space between the grid points.</Abstract>
			<DeclaredIn>M13ProgressViewLetterpress.h</DeclaredIn>
			
			<Declaration>@property (nonatomic, assign) CGFloat pointSpacing</Declaration>
			
			
			<Anchor>//api/name/pointSpacing</Anchor>
            <NodeRef refid="8"/>
		</Token>
		
		<Token>
			<TokenIdentifier>//apple_ref/occ/instm/M13ProgressViewLetterpress/setNotchSize:</TokenIdentifier>
			<Abstract type="html">The size of the notch to carve out on one side.</Abstract>
			<DeclaredIn>M13ProgressViewLetterpress.h</DeclaredIn>
			
			<Declaration>@property (nonatomic, assign) CGSize notchSize</Declaration>
			
			
			<Anchor>//api/name/notchSize</Anchor>
            <NodeRef refid="8"/>
		</Token>
		
		<Token>
			<TokenIdentifier>//apple_ref/occ/instm/M13ProgressViewLetterpress/notchSize</TokenIdentifier>
			<Abstract type="html">The size of the notch to carve out on one side.</Abstract>
			<DeclaredIn>M13ProgressViewLetterpress.h</DeclaredIn>
			
			<Declaration>@property (nonatomic, assign) CGSize notchSize</Declaration>
			
			
			<Anchor>//api/name/notchSize</Anchor>
            <NodeRef refid="8"/>
		</Token>
		
		<Token>
			<TokenIdentifier>//apple_ref/occ/instp/M13ProgressViewLetterpress/notchSize</TokenIdentifier>
			<Abstract type="html">The size of the notch to carve out on one side.</Abstract>
			<DeclaredIn>M13ProgressViewLetterpress.h</DeclaredIn>
			
			<Declaration>@property (nonatomic, assign) CGSize notchSize</Declaration>
			
			
			<Anchor>//api/name/notchSize</Anchor>
            <NodeRef refid="8"/>
		</Token>
		
		<Token>
			<TokenIdentifier>//apple_ref/occ/instm/M13ProgressViewLetterpress/setSpringConstant:</TokenIdentifier>
			<Abstract type="html">The spring constant that defines the amount of &quot;spring&quot; the progress view has in its animation.</Abstract>
			<DeclaredIn>M13ProgressViewLetterpress.h</DeclaredIn>
			
			<Declaration>@property (nonatomic, assign) CGFloat springConstant</Declaration>
			
			
			<Anchor>//api/name/springConstant</Anchor>
            <NodeRef refid="8"/>
		</Token>
		
		<Token>
			<TokenIdentifier>//apple_ref/occ/instm/M13ProgressViewLetterpress/springConstant</TokenIdentifier>
			<Abstract type="html">The spring constant that defines the amount of &quot;spring&quot; the progress view has in its animation.</Abstract>
			<DeclaredIn>M13ProgressViewLetterpress.h</DeclaredIn>
			
			<Declaration>@property (nonatomic, assign) CGFloat springConstant</Declaration>
			
			
			<Anchor>//api/name/springConstant</Anchor>
            <NodeRef refid="8"/>
		</Token>
		
		<Token>
			<TokenIdentifier>//apple_ref/occ/instp/M13ProgressViewLetterpress/springConstant</TokenIdentifier>
			<Abstract type="html">The spring constant that defines the amount of &quot;spring&quot; the progress view has in its animation.</Abstract>
			<DeclaredIn>M13ProgressViewLetterpress.h</DeclaredIn>
			
			<Declaration>@property (nonatomic, assign) CGFloat springConstant</Declaration>
			
			
			<Anchor>//api/name/springConstant</Anchor>
            <NodeRef refid="8"/>
		</Token>
		
		<Token>
			<TokenIdentifier>//apple_ref/occ/instm/M13ProgressViewLetterpress/setDampingCoefficient:</TokenIdentifier>
			<Abstract type="html">The constant that determines how long the progress view &quot;bounces&quot; for.</Abstract>
			<DeclaredIn>M13ProgressViewLetterpress.h</DeclaredIn>
			
			<Declaration>@property (nonatomic, assign) CGFloat dampingCoefficient</Declaration>
			
			
			<Anchor>//api/name/dampingCoefficient</Anchor>
            <NodeRef refid="8"/>
		</Token>
		
		<Token>
			<TokenIdentifier>//apple_ref/occ/instm/M13ProgressViewLetterpress/dampingCoefficient</TokenIdentifier>
			<Abstract type="html">The constant that determines how long the progress view &quot;bounces&quot; for.</Abstract>
			<DeclaredIn>M13ProgressViewLetterpress.h</DeclaredIn>
			
			<Declaration>@property (nonatomic, assign) CGFloat dampingCoefficient</Declaration>
			
			
			<Anchor>//api/name/dampingCoefficient</Anchor>
            <NodeRef refid="8"/>
		</Token>
		
		<Token>
			<TokenIdentifier>//apple_ref/occ/instp/M13ProgressViewLetterpress/dampingCoefficient</TokenIdentifier>
			<Abstract type="html">The constant that determines how long the progress view &quot;bounces&quot; for.</Abstract>
			<DeclaredIn>M13ProgressViewLetterpress.h</DeclaredIn>
			
			<Declaration>@property (nonatomic, assign) CGFloat dampingCoefficient</Declaration>
			
			
			<Anchor>//api/name/dampingCoefficient</Anchor>
            <NodeRef refid="8"/>
		</Token>
		
		<Token>
			<TokenIdentifier>//apple_ref/occ/instm/M13ProgressViewLetterpress/setMass:</TokenIdentifier>
			<Abstract type="html">The constant that determines how much the springConstant and dampingCoefficent affect the animation.</Abstract>
			<DeclaredIn>M13ProgressViewLetterpress.h</DeclaredIn>
			
			<Declaration>@property (nonatomic, assign) CGFloat mass</Declaration>
			
			
			<Anchor>//api/name/mass</Anchor>
            <NodeRef refid="8"/>
		</Token>
		
		<Token>
			<TokenIdentifier>//apple_ref/occ/instm/M13ProgressViewLetterpress/mass</TokenIdentifier>
			<Abstract type="html">The constant that determines how much the springConstant and dampingCoefficent affect the animation.</Abstract>
			<DeclaredIn>M13ProgressViewLetterpress.h</DeclaredIn>
			
			<Declaration>@property (nonatomic, assign) CGFloat mass</Declaration>
			
			
			<Anchor>//api/name/mass</Anchor>
            <NodeRef refid="8"/>
		</Token>
		
		<Token>
			<TokenIdentifier>//apple_ref/occ/instp/M13ProgressViewLetterpress/mass</TokenIdentifier>
			<Abstract type="html">The constant that determines how much the springConstant and dampingCoefficent affect the animation.</Abstract>
			<DeclaredIn>M13ProgressViewLetterpress.h</DeclaredIn>
			
			<Declaration>@property (nonatomic, assign) CGFloat mass</Declaration>
			
			
			<Anchor>//api/name/mass</Anchor>
            <NodeRef refid="8"/>
		</Token>
		
		<Token>
			<TokenIdentifier>//apple_ref/occ/instm/M13ProgressViewLetterpress/setProgress:animated:</TokenIdentifier>
			<Abstract type="html">Set the progress of the M13ProgressView.</Abstract>
			<DeclaredIn>M13ProgressViewLetterpress.m</DeclaredIn>
			
			<Declaration>- (void)setProgress:(CGFloat)progress animated:(BOOL)animated</Declaration>
			<Parameters>
				<Parameter>
					<Name>progress</Name>
					<Abstract type="html">The progress to show on the progress view.</Abstract>
				</Parameter><Parameter>
					<Name>animated</Name>
					<Abstract type="html">Wether or not to animate the progress change.</Abstract>
				</Parameter>
			</Parameters>
			
			<Anchor>//api/name/setProgress:animated:</Anchor>
            <NodeRef refid="8"/>
		</Token>
		
		<Token>
			<TokenIdentifier>//apple_ref/occ/instm/M13ProgressViewLetterpress/setAnimationFromValue:</TokenIdentifier>
			<Abstract type="html">The start progress for the progress animation.</Abstract>
			<DeclaredIn>M13ProgressViewLetterpress.m</DeclaredIn>
			
			<Declaration>@property (nonatomic, assign) CGFloat animationFromValue</Declaration>
			
			
			<Anchor>//api/name/animationFromValue</Anchor>
            <NodeRef refid="8"/>
		</Token>
		
		<Token>
			<TokenIdentifier>//apple_ref/occ/instm/M13ProgressViewLetterpress/animationFromValue</TokenIdentifier>
			<Abstract type="html">The start progress for the progress animation.</Abstract>
			<DeclaredIn>M13ProgressViewLetterpress.m</DeclaredIn>
			
			<Declaration>@property (nonatomic, assign) CGFloat animationFromValue</Declaration>
			
			
			<Anchor>//api/name/animationFromValue</Anchor>
            <NodeRef refid="8"/>
		</Token>
		
		<Token>
			<TokenIdentifier>//apple_ref/occ/instp/M13ProgressViewLetterpress/animationFromValue</TokenIdentifier>
			<Abstract type="html">The start progress for the progress animation.</Abstract>
			<DeclaredIn>M13ProgressViewLetterpress.m</DeclaredIn>
			
			<Declaration>@property (nonatomic, assign) CGFloat animationFromValue</Declaration>
			
			
			<Anchor>//api/name/animationFromValue</Anchor>
            <NodeRef refid="8"/>
		</Token>
		
		<Token>
			<TokenIdentifier>//apple_ref/occ/instm/M13ProgressViewLetterpress/setAnimationToValue:</TokenIdentifier>
			<Abstract type="html">The end progress for the progress animation.</Abstract>
			<DeclaredIn>M13ProgressViewLetterpress.m</DeclaredIn>
			
			<Declaration>@property (nonatomic, assign) CGFloat animationToValue</Declaration>
			
			
			<Anchor>//api/name/animationToValue</Anchor>
            <NodeRef refid="8"/>
		</Token>
		
		<Token>
			<TokenIdentifier>//apple_ref/occ/instm/M13ProgressViewLetterpress/animationToValue</TokenIdentifier>
			<Abstract type="html">The end progress for the progress animation.</Abstract>
			<DeclaredIn>M13ProgressViewLetterpress.m</DeclaredIn>
			
			<Declaration>@property (nonatomic, assign) CGFloat animationToValue</Declaration>
			
			
			<Anchor>//api/name/animationToValue</Anchor>
            <NodeRef refid="8"/>
		</Token>
		
		<Token>
			<TokenIdentifier>//apple_ref/occ/instp/M13ProgressViewLetterpress/animationToValue</TokenIdentifier>
			<Abstract type="html">The end progress for the progress animation.</Abstract>
			<DeclaredIn>M13ProgressViewLetterpress.m</DeclaredIn>
			
			<Declaration>@property (nonatomic, assign) CGFloat animationToValue</Declaration>
			
			
			<Anchor>//api/name/animationToValue</Anchor>
            <NodeRef refid="8"/>
		</Token>
		
		<Token>
			<TokenIdentifier>//apple_ref/occ/instm/M13ProgressViewLetterpress/setAnimationStartTime:</TokenIdentifier>
			<Abstract type="html">The start time interval for the animaiton.</Abstract>
			<DeclaredIn>M13ProgressViewLetterpress.m</DeclaredIn>
			
			<Declaration>@property (nonatomic, assign) CFTimeInterval animationStartTime</Declaration>
			
			
			<Anchor>//api/name/animationStartTime</Anchor>
            <NodeRef refid="8"/>
		</Token>
		
		<Token>
			<TokenIdentifier>//apple_ref/occ/instm/M13ProgressViewLetterpress/animationStartTime</TokenIdentifier>
			<Abstract type="html">The start time interval for the animaiton.</Abstract>
			<DeclaredIn>M13ProgressViewLetterpress.m</DeclaredIn>
			
			<Declaration>@property (nonatomic, assign) CFTimeInterval animationStartTime</Declaration>
			
			
			<Anchor>//api/name/animationStartTime</Anchor>
            <NodeRef refid="8"/>
		</Token>
		
		<Token>
			<TokenIdentifier>//apple_ref/occ/instp/M13ProgressViewLetterpress/animationStartTime</TokenIdentifier>
			<Abstract type="html">The start time interval for the animaiton.</Abstract>
			<DeclaredIn>M13ProgressViewLetterpress.m</DeclaredIn>
			
			<Declaration>@property (nonatomic, assign) CFTimeInterval animationStartTime</Declaration>
			
			
			<Anchor>//api/name/animationStartTime</Anchor>
            <NodeRef refid="8"/>
		</Token>
		
		<Token>
			<TokenIdentifier>//apple_ref/occ/instm/M13ProgressViewLetterpress/setDisplayLink:</TokenIdentifier>
			<Abstract type="html">Link to the display to keep animations in sync.</Abstract>
			<DeclaredIn>M13ProgressViewLetterpress.m</DeclaredIn>
			
			<Declaration>@property (nonatomic, strong) CADisplayLink *displayLink</Declaration>
			
			
			<Anchor>//api/name/displayLink</Anchor>
            <NodeRef refid="8"/>
		</Token>
		
		<Token>
			<TokenIdentifier>//apple_ref/occ/instm/M13ProgressViewLetterpress/displayLink</TokenIdentifier>
			<Abstract type="html">Link to the display to keep animations in sync.</Abstract>
			<DeclaredIn>M13ProgressViewLetterpress.m</DeclaredIn>
			
			<Declaration>@property (nonatomic, strong) CADisplayLink *displayLink</Declaration>
			
			
			<Anchor>//api/name/displayLink</Anchor>
            <NodeRef refid="8"/>
		</Token>
		
		<Token>
			<TokenIdentifier>//apple_ref/occ/instp/M13ProgressViewLetterpress/displayLink</TokenIdentifier>
			<Abstract type="html">Link to the display to keep animations in sync.</Abstract>
			<DeclaredIn>M13ProgressViewLetterpress.m</DeclaredIn>
			
			<Declaration>@property (nonatomic, strong) CADisplayLink *displayLink</Declaration>
			
			
			<Anchor>//api/name/displayLink</Anchor>
            <NodeRef refid="8"/>
		</Token>
		
		<Token>
			<TokenIdentifier>//apple_ref/occ/instm/M13ProgressViewLetterpress/setSpringDisplayLink:</TokenIdentifier>
			<Abstract type="html">The display link that controls the spring animation.</Abstract>
			<DeclaredIn>M13ProgressViewLetterpress.m</DeclaredIn>
			
			<Declaration>@property (nonatomic, strong) CADisplayLink *springDisplayLink</Declaration>
			
			
			<Anchor>//api/name/springDisplayLink</Anchor>
            <NodeRef refid="8"/>
		</Token>
		
		<Token>
			<TokenIdentifier>//apple_ref/occ/instm/M13ProgressViewLetterpress/springDisplayLink</TokenIdentifier>
			<Abstract type="html">The display link that controls the spring animation.</Abstract>
			<DeclaredIn>M13ProgressViewLetterpress.m</DeclaredIn>
			
			<Declaration>@property (nonatomic, strong) CADisplayLink *springDisplayLink</Declaration>
			
			
			<Anchor>//api/name/springDisplayLink</Anchor>
            <NodeRef refid="8"/>
		</Token>
		
		<Token>
			<TokenIdentifier>//apple_ref/occ/instp/M13ProgressViewLetterpress/springDisplayLink</TokenIdentifier>
			<Abstract type="html">The display link that controls the spring animation.</Abstract>
			<DeclaredIn>M13ProgressViewLetterpress.m</DeclaredIn>
			
			<Declaration>@property (nonatomic, strong) CADisplayLink *springDisplayLink</Declaration>
			
			
			<Anchor>//api/name/springDisplayLink</Anchor>
            <NodeRef refid="8"/>
		</Token>
		
        
	</File>
</Tokens>