<?xml version="1.0" encoding="UTF-8"?>
<Tokens version="1.0">
	<File path="Classes/M13ProgressViewSegmentedBar.html">
		
		<Token>
			<TokenIdentifier>//apple_ref/occ/cl/M13ProgressViewSegmentedBar</TokenIdentifier>
			<Abstract type="html">A progress bar that shows progress with discrete values.</Abstract>
			<DeclaredIn>M13ProgressViewSegmentedBar.h</DeclaredIn>
            
			
			<NodeRef refid="15"/>
		</Token>
		
		
		<Token>
			<TokenIdentifier>//apple_ref/occ/instm/M13ProgressViewSegmentedBar/setProgressDirection:</TokenIdentifier>
			<Abstract type="html">The direction of progress. (What direction the fill proceeds in.)</Abstract>
			<DeclaredIn>M13ProgressViewSegmentedBar.h</DeclaredIn>
			
			<Declaration>@property (nonatomic, assign) M13ProgressViewSegmentedBarProgressDirection progressDirection</Declaration>
			
			
			<Anchor>//api/name/progressDirection</Anchor>
            <NodeRef refid="15"/>
		</Token>
		
		<Token>
			<TokenIdentifier>//apple_ref/occ/instm/M13ProgressViewSegmentedBar/progressDirection</TokenIdentifier>
			<Abstract type="html">The direction of progress. (What direction the fill proceeds in.)</Abstract>
			<DeclaredIn>M13ProgressViewSegmentedBar.h</DeclaredIn>
			
			<Declaration>@property (nonatomic, assign) M13ProgressViewSegmentedBarProgressDirection progressDirection</Declaration>
			
			
			<Anchor>//api/name/progressDirection</Anchor>
            <NodeRef refid="15"/>
		</Token>
		
		<Token>
			<TokenIdentifier>//apple_ref/occ/instp/M13ProgressViewSegmentedBar/progressDirection</TokenIdentifier>
			<Abstract type="html">The direction of progress. (What direction the fill proceeds in.)</Abstract>
			<DeclaredIn>M13ProgressViewSegmentedBar.h</DeclaredIn>
			
			<Declaration>@property (nonatomic, assign) M13ProgressViewSegmentedBarProgressDirection progressDirection</Declaration>
			
			
			<Anchor>//api/name/progressDirection</Anchor>
            <NodeRef refid="15"/>
		</Token>
		
		<Token>
			<TokenIdentifier>//apple_ref/occ/instm/M13ProgressViewSegmentedBar/setSegmentShape:</TokenIdentifier>
			<Abstract type="html">The shape of the segments.</Abstract>
			<DeclaredIn>M13ProgressViewSegmentedBar.h</DeclaredIn>
			
			<Declaration>@property (nonatomic, assign) M13ProgressViewSegmentedBarSegmentShape segmentShape</Declaration>
			
			
			<Anchor>//api/name/segmentShape</Anchor>
            <NodeRef refid="15"/>
		</Token>
		
		<Token>
			<TokenIdentifier>//apple_ref/occ/instm/M13ProgressViewSegmentedBar/segmentShape</TokenIdentifier>
			<Abstract type="html">The shape of the segments.</Abstract>
			<DeclaredIn>M13ProgressViewSegmentedBar.h</DeclaredIn>
			
			<Declaration>@property (nonatomic, assign) M13ProgressViewSegmentedBarSegmentShape segmentShape</Declaration>
			
			
			<Anchor>//api/name/segmentShape</Anchor>
            <NodeRef refid="15"/>
		</Token>
		
		<Token>
			<TokenIdentifier>//apple_ref/occ/instp/M13ProgressViewSegmentedBar/segmentShape</TokenIdentifier>
			<Abstract type="html">The shape of the segments.</Abstract>
			<DeclaredIn>M13ProgressViewSegmentedBar.h</DeclaredIn>
			
			<Declaration>@property (nonatomic, assign) M13ProgressViewSegmentedBarSegmentShape segmentShape</Declaration>
			
			
			<Anchor>//api/name/segmentShape</Anchor>
            <NodeRef refid="15"/>
		</Token>
		
		<Token>
			<TokenIdentifier>//apple_ref/occ/instm/M13ProgressViewSegmentedBar/setCornerRadius:</TokenIdentifier>
			<Abstract type="html">The corner radius of the segment shape if the shape is set to M13ProgressViewSegmentedBarSegmentShapeRoundedRect.</Abstract>
			<DeclaredIn>M13ProgressViewSegmentedBar.h</DeclaredIn>
			
			<Declaration>@property (nonatomic, assign) CGFloat cornerRadius</Declaration>
			
			
			<Anchor>//api/name/cornerRadius</Anchor>
            <NodeRef refid="15"/>
		</Token>
		
		<Token>
			<TokenIdentifier>//apple_ref/occ/instm/M13ProgressViewSegmentedBar/cornerRadius</TokenIdentifier>
			<Abstract type="html">The corner radius of the segment shape if the shape is set to M13ProgressViewSegmentedBarSegmentShapeRoundedRect.</Abstract>
			<DeclaredIn>M13ProgressViewSegmentedBar.h</DeclaredIn>
			
			<Declaration>@property (nonatomic, assign) CGFloat cornerRadius</Declaration>
			
			
			<Anchor>//api/name/cornerRadius</Anchor>
            <NodeRef refid="15"/>
		</Token>
		
		<Token>
			<TokenIdentifier>//apple_ref/occ/instp/M13ProgressViewSegmentedBar/cornerRadius</TokenIdentifier>
			<Abstract type="html">The corner radius of the segment shape if the shape is set to M13ProgressViewSegmentedBarSegmentShapeRoundedRect.</Abstract>
			<DeclaredIn>M13ProgressViewSegmentedBar.h</DeclaredIn>
			
			<Declaration>@property (nonatomic, assign) CGFloat cornerRadius</Declaration>
			
			
			<Anchor>//api/name/cornerRadius</Anchor>
            <NodeRef refid="15"/>
		</Token>
		
		<Token>
			<TokenIdentifier>//apple_ref/occ/instm/M13ProgressViewSegmentedBar/setNumberOfSegments:</TokenIdentifier>
			<Abstract type="html">The number of segments to display in the progress view.</Abstract>
			<DeclaredIn>M13ProgressViewSegmentedBar.h</DeclaredIn>
			
			<Declaration>@property (nonatomic, assign) NSInteger numberOfSegments</Declaration>
			
			
			<Anchor>//api/name/numberOfSegments</Anchor>
            <NodeRef refid="15"/>
		</Token>
		
		<Token>
			<TokenIdentifier>//apple_ref/occ/instm/M13ProgressViewSegmentedBar/numberOfSegments</TokenIdentifier>
			<Abstract type="html">The number of segments to display in the progress view.</Abstract>
			<DeclaredIn>M13ProgressViewSegmentedBar.h</DeclaredIn>
			
			<Declaration>@property (nonatomic, assign) NSInteger numberOfSegments</Declaration>
			
			
			<Anchor>//api/name/numberOfSegments</Anchor>
            <NodeRef refid="15"/>
		</Token>
		
		<Token>
			<TokenIdentifier>//apple_ref/occ/instp/M13ProgressViewSegmentedBar/numberOfSegments</TokenIdentifier>
			<Abstract type="html">The number of segments to display in the progress view.</Abstract>
			<DeclaredIn>M13ProgressViewSegmentedBar.h</DeclaredIn>
			
			<Declaration>@property (nonatomic, assign) NSInteger numberOfSegments</Declaration>
			
			
			<Anchor>//api/name/numberOfSegments</Anchor>
            <NodeRef refid="15"/>
		</Token>
		
		<Token>
			<TokenIdentifier>//apple_ref/occ/instm/M13ProgressViewSegmentedBar/setSegmentSeparation:</TokenIdentifier>
			<Abstract type="html">The separation between segments in points. Must be less than self.width / numberOfSegments.</Abstract>
			<DeclaredIn>M13ProgressViewSegmentedBar.h</DeclaredIn>
			
			<Declaration>@property (nonatomic, assign) CGFloat segmentSeparation</Declaration>
			
			
			<Anchor>//api/name/segmentSeparation</Anchor>
            <NodeRef refid="15"/>
		</Token>
		
		<Token>
			<TokenIdentifier>//apple_ref/occ/instm/M13ProgressViewSegmentedBar/segmentSeparation</TokenIdentifier>
			<Abstract type="html">The separation between segments in points. Must be less than self.width / numberOfSegments.</Abstract>
			<DeclaredIn>M13ProgressViewSegmentedBar.h</DeclaredIn>
			
			<Declaration>@property (nonatomic, assign) CGFloat segmentSeparation</Declaration>
			
			
			<Anchor>//api/name/segmentSeparation</Anchor>
            <NodeRef refid="15"/>
		</Token>
		
		<Token>
			<TokenIdentifier>//apple_ref/occ/instp/M13ProgressViewSegmentedBar/segmentSeparation</TokenIdentifier>
			<Abstract type="html">The separation between segments in points. Must be less than self.width / numberOfSegments.</Abstract>
			<DeclaredIn>M13ProgressViewSegmentedBar.h</DeclaredIn>
			
			<Declaration>@property (nonatomic, assign) CGFloat segmentSeparation</Declaration>
			
			
			<Anchor>//api/name/segmentSeparation</Anchor>
            <NodeRef refid="15"/>
		</Token>
		
		<Token>
			<TokenIdentifier>//apple_ref/occ/instm/M13ProgressViewSegmentedBar/setSuccessColor:</TokenIdentifier>
			<Abstract type="html">The color the bar changes to for the success action.</Abstract>
			<DeclaredIn>M13ProgressViewSegmentedBar.h</DeclaredIn>
			
			<Declaration>@property (nonatomic, retain) UIColor *successColor</Declaration>
			
			
			<Anchor>//api/name/successColor</Anchor>
            <NodeRef refid="15"/>
		</Token>
		
		<Token>
			<TokenIdentifier>//apple_ref/occ/instm/M13ProgressViewSegmentedBar/successColor</TokenIdentifier>
			<Abstract type="html">The color the bar changes to for the success action.</Abstract>
			<DeclaredIn>M13ProgressViewSegmentedBar.h</DeclaredIn>
			
			<Declaration>@property (nonatomic, retain) UIColor *successColor</Declaration>
			
			
			<Anchor>//api/name/successColor</Anchor>
            <NodeRef refid="15"/>
		</Token>
		
		<Token>
			<TokenIdentifier>//apple_ref/occ/instp/M13ProgressViewSegmentedBar/successColor</TokenIdentifier>
			<Abstract type="html">The color the bar changes to for the success action.</Abstract>
			<DeclaredIn>M13ProgressViewSegmentedBar.h</DeclaredIn>
			
			<Declaration>@property (nonatomic, retain) UIColor *successColor</Declaration>
			
			
			<Anchor>//api/name/successColor</Anchor>
            <NodeRef refid="15"/>
		</Token>
		
		<Token>
			<TokenIdentifier>//apple_ref/occ/instm/M13ProgressViewSegmentedBar/setFailureColor:</TokenIdentifier>
			<Abstract type="html">The color the bar changes to for the failure action.</Abstract>
			<DeclaredIn>M13ProgressViewSegmentedBar.h</DeclaredIn>
			
			<Declaration>@property (nonatomic, retain) UIColor *failureColor</Declaration>
			
			
			<Anchor>//api/name/failureColor</Anchor>
            <NodeRef refid="15"/>
		</Token>
		
		<Token>
			<TokenIdentifier>//apple_ref/occ/instm/M13ProgressViewSegmentedBar/failureColor</TokenIdentifier>
			<Abstract type="html">The color the bar changes to for the failure action.</Abstract>
			<DeclaredIn>M13ProgressViewSegmentedBar.h</DeclaredIn>
			
			<Declaration>@property (nonatomic, retain) UIColor *failureColor</Declaration>
			
			
			<Anchor>//api/name/failureColor</Anchor>
            <NodeRef refid="15"/>
		</Token>
		
		<Token>
			<TokenIdentifier>//apple_ref/occ/instp/M13ProgressViewSegmentedBar/failureColor</TokenIdentifier>
			<Abstract type="html">The color the bar changes to for the failure action.</Abstract>
			<DeclaredIn>M13ProgressViewSegmentedBar.h</DeclaredIn>
			
			<Declaration>@property (nonatomic, retain) UIColor *failureColor</Declaration>
			
			
			<Anchor>//api/name/failureColor</Anchor>
            <NodeRef refid="15"/>
		</Token>
		
		<Token>
			<TokenIdentifier>//apple_ref/occ/instm/M13ProgressViewSegmentedBar/setPrimaryColor:</TokenIdentifier>
			<Abstract type="html">The primary color of the M13ProgressView.</Abstract>
			<DeclaredIn>M13ProgressViewSegmentedBar.m</DeclaredIn>
			
			<Declaration>- (void)setPrimaryColor:(UIColor *)primaryColor</Declaration>
			
			
			<Anchor>//api/name/setPrimaryColor:</Anchor>
            <NodeRef refid="15"/>
		</Token>
		
		<Token>
			<TokenIdentifier>//apple_ref/occ/instm/M13ProgressViewSegmentedBar/setSecondaryColor:</TokenIdentifier>
			<Abstract type="html">The secondary color of the M13ProgressView.</Abstract>
			<DeclaredIn>M13ProgressViewSegmentedBar.m</DeclaredIn>
			
			<Declaration>- (void)setSecondaryColor:(UIColor *)secondaryColor</Declaration>
			
			
			<Anchor>//api/name/setSecondaryColor:</Anchor>
            <NodeRef refid="15"/>
		</Token>
		
		<Token>
			<TokenIdentifier>//apple_ref/occ/instm/M13ProgressViewSegmentedBar/setProgress:animated:</TokenIdentifier>
			<Abstract type="html">Set the progress of the M13ProgressView.</Abstract>
			<DeclaredIn>M13ProgressViewSegmentedBar.m</DeclaredIn>
			
			<Declaration>- (void)setProgress:(CGFloat)progress animated:(BOOL)animated</Declaration>
			<Parameters>
				<Parameter>
					<Name>progress</Name>
					<Abstract type="html">The progress to show on the progress view.</Abstract>
				</Parameter><Parameter>
					<Name>animated</Name>
					<Abstract type="html">Wether or not to animate the progress change.</Abstract>
				</Parameter>
			</Parameters>
			
			<Anchor>//api/name/setProgress:animated:</Anchor>
            <NodeRef refid="15"/>
		</Token>
		
		<Token>
			<TokenIdentifier>//apple_ref/occ/instm/M13ProgressViewSegmentedBar/performAction:animated:</TokenIdentifier>
			<Abstract type="html">Perform the given action if defined. Usually showing success or failure.</Abstract>
			<DeclaredIn>M13ProgressViewSegmentedBar.m</DeclaredIn>
			
			<Declaration>- (void)performAction:(M13ProgressViewAction)action animated:(BOOL)animated</Declaration>
			<Parameters>
				<Parameter>
					<Name>action</Name>
					<Abstract type="html">The action to perform.</Abstract>
				</Parameter><Parameter>
					<Name>animated</Name>
					<Abstract type="html">Wether or not to animate the change</Abstract>
				</Parameter>
			</Parameters>
			
			<Anchor>//api/name/performAction:animated:</Anchor>
            <NodeRef refid="15"/>
		</Token>
		
		<Token>
			<TokenIdentifier>//apple_ref/occ/instm/M13ProgressViewSegmentedBar/setIndeterminate:</TokenIdentifier>
			<Abstract type="html">Wether or not the progress view is indeterminate.</Abstract>
			<DeclaredIn>M13ProgressViewSegmentedBar.m</DeclaredIn>
			
			<Declaration>- (void)setIndeterminate:(BOOL)indeterminate</Declaration>
			
			
			<Anchor>//api/name/setIndeterminate:</Anchor>
            <NodeRef refid="15"/>
		</Token>
		
		<Token>
			<TokenIdentifier>//apple_ref/occ/instm/M13ProgressViewSegmentedBar/setAnimationFromValue:</TokenIdentifier>
			<Abstract type="html">The start progress for the progress animation.</Abstract>
			<DeclaredIn>M13ProgressViewSegmentedBar.m</DeclaredIn>
			
			<Declaration>@property (nonatomic, assign) CGFloat animationFromValue</Declaration>
			
			
			<Anchor>//api/name/animationFromValue</Anchor>
            <NodeRef refid="15"/>
		</Token>
		
		<Token>
			<TokenIdentifier>//apple_ref/occ/instm/M13ProgressViewSegmentedBar/animationFromValue</TokenIdentifier>
			<Abstract type="html">The start progress for the progress animation.</Abstract>
			<DeclaredIn>M13ProgressViewSegmentedBar.m</DeclaredIn>
			
			<Declaration>@property (nonatomic, assign) CGFloat animationFromValue</Declaration>
			
			
			<Anchor>//api/name/animationFromValue</Anchor>
            <NodeRef refid="15"/>
		</Token>
		
		<Token>
			<TokenIdentifier>//apple_ref/occ/instp/M13ProgressViewSegmentedBar/animationFromValue</TokenIdentifier>
			<Abstract type="html">The start progress for the progress animation.</Abstract>
			<DeclaredIn>M13ProgressViewSegmentedBar.m</DeclaredIn>
			
			<Declaration>@property (nonatomic, assign) CGFloat animationFromValue</Declaration>
			
			
			<Anchor>//api/name/animationFromValue</Anchor>
            <NodeRef refid="15"/>
		</Token>
		
		<Token>
			<TokenIdentifier>//apple_ref/occ/instm/M13ProgressViewSegmentedBar/setAnimationToValue:</TokenIdentifier>
			<Abstract type="html">The end progress for the progress animation.</Abstract>
			<DeclaredIn>M13ProgressViewSegmentedBar.m</DeclaredIn>
			
			<Declaration>@property (nonatomic, assign) CGFloat animationToValue</Declaration>
			
			
			<Anchor>//api/name/animationToValue</Anchor>
            <NodeRef refid="15"/>
		</Token>
		
		<Token>
			<TokenIdentifier>//apple_ref/occ/instm/M13ProgressViewSegmentedBar/animationToValue</TokenIdentifier>
			<Abstract type="html">The end progress for the progress animation.</Abstract>
			<DeclaredIn>M13ProgressViewSegmentedBar.m</DeclaredIn>
			
			<Declaration>@property (nonatomic, assign) CGFloat animationToValue</Declaration>
			
			
			<Anchor>//api/name/animationToValue</Anchor>
            <NodeRef refid="15"/>
		</Token>
		
		<Token>
			<TokenIdentifier>//apple_ref/occ/instp/M13ProgressViewSegmentedBar/animationToValue</TokenIdentifier>
			<Abstract type="html">The end progress for the progress animation.</Abstract>
			<DeclaredIn>M13ProgressViewSegmentedBar.m</DeclaredIn>
			
			<Declaration>@property (nonatomic, assign) CGFloat animationToValue</Declaration>
			
			
			<Anchor>//api/name/animationToValue</Anchor>
            <NodeRef refid="15"/>
		</Token>
		
		<Token>
			<TokenIdentifier>//apple_ref/occ/instm/M13ProgressViewSegmentedBar/setAnimationStartTime:</TokenIdentifier>
			<Abstract type="html">The start time interval for the animaiton.</Abstract>
			<DeclaredIn>M13ProgressViewSegmentedBar.m</DeclaredIn>
			
			<Declaration>@property (nonatomic, assign) CFTimeInterval animationStartTime</Declaration>
			
			
			<Anchor>//api/name/animationStartTime</Anchor>
            <NodeRef refid="15"/>
		</Token>
		
		<Token>
			<TokenIdentifier>//apple_ref/occ/instm/M13ProgressViewSegmentedBar/animationStartTime</TokenIdentifier>
			<Abstract type="html">The start time interval for the animaiton.</Abstract>
			<DeclaredIn>M13ProgressViewSegmentedBar.m</DeclaredIn>
			
			<Declaration>@property (nonatomic, assign) CFTimeInterval animationStartTime</Declaration>
			
			
			<Anchor>//api/name/animationStartTime</Anchor>
            <NodeRef refid="15"/>
		</Token>
		
		<Token>
			<TokenIdentifier>//apple_ref/occ/instp/M13ProgressViewSegmentedBar/animationStartTime</TokenIdentifier>
			<Abstract type="html">The start time interval for the animaiton.</Abstract>
			<DeclaredIn>M13ProgressViewSegmentedBar.m</DeclaredIn>
			
			<Declaration>@property (nonatomic, assign) CFTimeInterval animationStartTime</Declaration>
			
			
			<Anchor>//api/name/animationStartTime</Anchor>
            <NodeRef refid="15"/>
		</Token>
		
		<Token>
			<TokenIdentifier>//apple_ref/occ/instm/M13ProgressViewSegmentedBar/setDisplayLink:</TokenIdentifier>
			<Abstract type="html">Link to the display to keep animations in sync.</Abstract>
			<DeclaredIn>M13ProgressViewSegmentedBar.m</DeclaredIn>
			
			<Declaration>@property (nonatomic, strong) CADisplayLink *displayLink</Declaration>
			
			
			<Anchor>//api/name/displayLink</Anchor>
            <NodeRef refid="15"/>
		</Token>
		
		<Token>
			<TokenIdentifier>//apple_ref/occ/instm/M13ProgressViewSegmentedBar/displayLink</TokenIdentifier>
			<Abstract type="html">Link to the display to keep animations in sync.</Abstract>
			<DeclaredIn>M13ProgressViewSegmentedBar.m</DeclaredIn>
			
			<Declaration>@property (nonatomic, strong) CADisplayLink *displayLink</Declaration>
			
			
			<Anchor>//api/name/displayLink</Anchor>
            <NodeRef refid="15"/>
		</Token>
		
		<Token>
			<TokenIdentifier>//apple_ref/occ/instp/M13ProgressViewSegmentedBar/displayLink</TokenIdentifier>
			<Abstract type="html">Link to the display to keep animations in sync.</Abstract>
			<DeclaredIn>M13ProgressViewSegmentedBar.m</DeclaredIn>
			
			<Declaration>@property (nonatomic, strong) CADisplayLink *displayLink</Declaration>
			
			
			<Anchor>//api/name/displayLink</Anchor>
            <NodeRef refid="15"/>
		</Token>
		
		<Token>
			<TokenIdentifier>//apple_ref/occ/instm/M13ProgressViewSegmentedBar/setProgress:</TokenIdentifier>
			<Abstract type="html">Allow us to write to the progress.</Abstract>
			<DeclaredIn>M13ProgressViewSegmentedBar.m</DeclaredIn>
			
			<Declaration>@property (nonatomic, readwrite) CGFloat progress</Declaration>
			
			
			<Anchor>//api/name/progress</Anchor>
            <NodeRef refid="15"/>
		</Token>
		
		<Token>
			<TokenIdentifier>//apple_ref/occ/instm/M13ProgressViewSegmentedBar/progress</TokenIdentifier>
			<Abstract type="html">Allow us to write to the progress.</Abstract>
			<DeclaredIn>M13ProgressViewSegmentedBar.m</DeclaredIn>
			
			<Declaration>@property (nonatomic, readwrite) CGFloat progress</Declaration>
			
			
			<Anchor>//api/name/progress</Anchor>
            <NodeRef refid="15"/>
		</Token>
		
		<Token>
			<TokenIdentifier>//apple_ref/occ/instp/M13ProgressViewSegmentedBar/progress</TokenIdentifier>
			<Abstract type="html">Allow us to write to the progress.</Abstract>
			<DeclaredIn>M13ProgressViewSegmentedBar.m</DeclaredIn>
			
			<Declaration>@property (nonatomic, readwrite) CGFloat progress</Declaration>
			
			
			<Anchor>//api/name/progress</Anchor>
            <NodeRef refid="15"/>
		</Token>
		
		<Token>
			<TokenIdentifier>//apple_ref/occ/instm/M13ProgressViewSegmentedBar/setProgressLayer:</TokenIdentifier>
			<Abstract type="html">The layer that progress is shown on.</Abstract>
			<DeclaredIn>M13ProgressViewSegmentedBar.m</DeclaredIn>
			
			<Declaration>@property (nonatomic, retain) CAShapeLayer *progressLayer</Declaration>
			
			
			<Anchor>//api/name/progressLayer</Anchor>
            <NodeRef refid="15"/>
		</Token>
		
		<Token>
			<TokenIdentifier>//apple_ref/occ/instm/M13ProgressViewSegmentedBar/progressLayer</TokenIdentifier>
			<Abstract type="html">The layer that progress is shown on.</Abstract>
			<DeclaredIn>M13ProgressViewSegmentedBar.m</DeclaredIn>
			
			<Declaration>@property (nonatomic, retain) CAShapeLayer *progressLayer</Declaration>
			
			
			<Anchor>//api/name/progressLayer</Anchor>
            <NodeRef refid="15"/>
		</Token>
		
		<Token>
			<TokenIdentifier>//apple_ref/occ/instp/M13ProgressViewSegmentedBar/progressLayer</TokenIdentifier>
			<Abstract type="html">The layer that progress is shown on.</Abstract>
			<DeclaredIn>M13ProgressViewSegmentedBar.m</DeclaredIn>
			
			<Declaration>@property (nonatomic, retain) CAShapeLayer *progressLayer</Declaration>
			
			
			<Anchor>//api/name/progressLayer</Anchor>
            <NodeRef refid="15"/>
		</Token>
		
		<Token>
			<TokenIdentifier>//apple_ref/occ/instm/M13ProgressViewSegmentedBar/setBackgroundLayer:</TokenIdentifier>
			<Abstract type="html">The layer that the background shown on.</Abstract>
			<DeclaredIn>M13ProgressViewSegmentedBar.m</DeclaredIn>
			
			<Declaration>@property (nonatomic, retain) CAShapeLayer *backgroundLayer</Declaration>
			
			
			<Anchor>//api/name/backgroundLayer</Anchor>
            <NodeRef refid="15"/>
		</Token>
		
		<Token>
			<TokenIdentifier>//apple_ref/occ/instm/M13ProgressViewSegmentedBar/backgroundLayer</TokenIdentifier>
			<Abstract type="html">The layer that the background shown on.</Abstract>
			<DeclaredIn>M13ProgressViewSegmentedBar.m</DeclaredIn>
			
			<Declaration>@property (nonatomic, retain) CAShapeLayer *backgroundLayer</Declaration>
			
			
			<Anchor>//api/name/backgroundLayer</Anchor>
            <NodeRef refid="15"/>
		</Token>
		
		<Token>
			<TokenIdentifier>//apple_ref/occ/instp/M13ProgressViewSegmentedBar/backgroundLayer</TokenIdentifier>
			<Abstract type="html">The layer that the background shown on.</Abstract>
			<DeclaredIn>M13ProgressViewSegmentedBar.m</DeclaredIn>
			
			<Declaration>@property (nonatomic, retain) CAShapeLayer *backgroundLayer</Declaration>
			
			
			<Anchor>//api/name/backgroundLayer</Anchor>
            <NodeRef refid="15"/>
		</Token>
		
		<Token>
			<TokenIdentifier>//apple_ref/occ/instm/M13ProgressViewSegmentedBar/setCurrentAction:</TokenIdentifier>
			<Abstract type="html">The action currently being performed.</Abstract>
			<DeclaredIn>M13ProgressViewSegmentedBar.m</DeclaredIn>
			
			<Declaration>@property (nonatomic, assign) M13ProgressViewAction currentAction</Declaration>
			
			
			<Anchor>//api/name/currentAction</Anchor>
            <NodeRef refid="15"/>
		</Token>
		
		<Token>
			<TokenIdentifier>//apple_ref/occ/instm/M13ProgressViewSegmentedBar/currentAction</TokenIdentifier>
			<Abstract type="html">The action currently being performed.</Abstract>
			<DeclaredIn>M13ProgressViewSegmentedBar.m</DeclaredIn>
			
			<Declaration>@property (nonatomic, assign) M13ProgressViewAction currentAction</Declaration>
			
			
			<Anchor>//api/name/currentAction</Anchor>
            <NodeRef refid="15"/>
		</Token>
		
		<Token>
			<TokenIdentifier>//apple_ref/occ/instp/M13ProgressViewSegmentedBar/currentAction</TokenIdentifier>
			<Abstract type="html">The action currently being performed.</Abstract>
			<DeclaredIn>M13ProgressViewSegmentedBar.m</DeclaredIn>
			
			<Declaration>@property (nonatomic, assign) M13ProgressViewAction currentAction</Declaration>
			
			
			<Anchor>//api/name/currentAction</Anchor>
            <NodeRef refid="15"/>
		</Token>
		
        
	</File>
</Tokens>