<?xml version="1.0" encoding="UTF-8"?>
<Tokens version="1.0">
	<File path="Classes/M13ProgressConsole.html">
		
		<Token>
			<TokenIdentifier>//apple_ref/occ/cl/M13ProgressConsole</TokenIdentifier>
			<Abstract type="html">A progress view that shows progress in the style of terminal.</Abstract>
			<DeclaredIn>M13ProgressConsole.h</DeclaredIn>
            
			
			<NodeRef refid="1"/>
		</Token>
		
		
		<Token>
			<TokenIdentifier>//apple_ref/occ/instm/M13ProgressConsole/setProgress:</TokenIdentifier>
			<Abstract type="html">The progress displayed to the user.</Abstract>
			<DeclaredIn>M13ProgressConsole.h</DeclaredIn>
			
			<Declaration>@property (nonatomic, readonly) CGFloat progress</Declaration>
			
			
			<Anchor>//api/name/progress</Anchor>
            <NodeRef refid="1"/>
		</Token>
		
		<Token>
			<TokenIdentifier>//apple_ref/occ/instm/M13ProgressConsole/progress</TokenIdentifier>
			<Abstract type="html">The progress displayed to the user.</Abstract>
			<DeclaredIn>M13ProgressConsole.h</DeclaredIn>
			
			<Declaration>@property (nonatomic, readonly) CGFloat progress</Declaration>
			
			
			<Anchor>//api/name/progress</Anchor>
            <NodeRef refid="1"/>
		</Token>
		
		<Token>
			<TokenIdentifier>//apple_ref/occ/instp/M13ProgressConsole/progress</TokenIdentifier>
			<Abstract type="html">The progress displayed to the user.</Abstract>
			<DeclaredIn>M13ProgressConsole.h</DeclaredIn>
			
			<Declaration>@property (nonatomic, readonly) CGFloat progress</Declaration>
			
			
			<Anchor>//api/name/progress</Anchor>
            <NodeRef refid="1"/>
		</Token>
		
		<Token>
			<TokenIdentifier>//apple_ref/occ/instm/M13ProgressConsole/setIndeterminate:</TokenIdentifier>
			<Abstract type="html">Wether or not the progress view is indeterminate.</Abstract>
			<DeclaredIn>M13ProgressConsole.h</DeclaredIn>
			
			<Declaration>@property (nonatomic, assign) BOOL indeterminate</Declaration>
			
			
			<Anchor>//api/name/indeterminate</Anchor>
            <NodeRef refid="1"/>
		</Token>
		
		<Token>
			<TokenIdentifier>//apple_ref/occ/instm/M13ProgressConsole/indeterminate</TokenIdentifier>
			<Abstract type="html">Wether or not the progress view is indeterminate.</Abstract>
			<DeclaredIn>M13ProgressConsole.h</DeclaredIn>
			
			<Declaration>@property (nonatomic, assign) BOOL indeterminate</Declaration>
			
			
			<Anchor>//api/name/indeterminate</Anchor>
            <NodeRef refid="1"/>
		</Token>
		
		<Token>
			<TokenIdentifier>//apple_ref/occ/instp/M13ProgressConsole/indeterminate</TokenIdentifier>
			<Abstract type="html">Wether or not the progress view is indeterminate.</Abstract>
			<DeclaredIn>M13ProgressConsole.h</DeclaredIn>
			
			<Declaration>@property (nonatomic, assign) BOOL indeterminate</Declaration>
			
			
			<Anchor>//api/name/indeterminate</Anchor>
            <NodeRef refid="1"/>
		</Token>
		
		<Token>
			<TokenIdentifier>//apple_ref/occ/instm/M13ProgressConsole/setProgressType:</TokenIdentifier>
			<Abstract type="html">Show progress at the end of each line.</Abstract>
			<DeclaredIn>M13ProgressConsole.h</DeclaredIn>
			
			<Declaration>@property (nonatomic, assign) M13ProgressConsoleProgressType progressType</Declaration>
			
			
			<Anchor>//api/name/progressType</Anchor>
            <NodeRef refid="1"/>
		</Token>
		
		<Token>
			<TokenIdentifier>//apple_ref/occ/instm/M13ProgressConsole/progressType</TokenIdentifier>
			<Abstract type="html">Show progress at the end of each line.</Abstract>
			<DeclaredIn>M13ProgressConsole.h</DeclaredIn>
			
			<Declaration>@property (nonatomic, assign) M13ProgressConsoleProgressType progressType</Declaration>
			
			
			<Anchor>//api/name/progressType</Anchor>
            <NodeRef refid="1"/>
		</Token>
		
		<Token>
			<TokenIdentifier>//apple_ref/occ/instp/M13ProgressConsole/progressType</TokenIdentifier>
			<Abstract type="html">Show progress at the end of each line.</Abstract>
			<DeclaredIn>M13ProgressConsole.h</DeclaredIn>
			
			<Declaration>@property (nonatomic, assign) M13ProgressConsoleProgressType progressType</Declaration>
			
			
			<Anchor>//api/name/progressType</Anchor>
            <NodeRef refid="1"/>
		</Token>
		
		<Token>
			<TokenIdentifier>//apple_ref/occ/instm/M13ProgressConsole/setMaskType:</TokenIdentifier>
			<Abstract type="html">The background type of the console.</Abstract>
			<DeclaredIn>M13ProgressConsole.h</DeclaredIn>
			
			<Declaration>@property (nonatomic, assign) M13ProgressConsoleMaskType maskType</Declaration>
			
			
			<Anchor>//api/name/maskType</Anchor>
            <NodeRef refid="1"/>
		</Token>
		
		<Token>
			<TokenIdentifier>//apple_ref/occ/instm/M13ProgressConsole/maskType</TokenIdentifier>
			<Abstract type="html">The background type of the console.</Abstract>
			<DeclaredIn>M13ProgressConsole.h</DeclaredIn>
			
			<Declaration>@property (nonatomic, assign) M13ProgressConsoleMaskType maskType</Declaration>
			
			
			<Anchor>//api/name/maskType</Anchor>
            <NodeRef refid="1"/>
		</Token>
		
		<Token>
			<TokenIdentifier>//apple_ref/occ/instp/M13ProgressConsole/maskType</TokenIdentifier>
			<Abstract type="html">The background type of the console.</Abstract>
			<DeclaredIn>M13ProgressConsole.h</DeclaredIn>
			
			<Declaration>@property (nonatomic, assign) M13ProgressConsoleMaskType maskType</Declaration>
			
			
			<Anchor>//api/name/maskType</Anchor>
            <NodeRef refid="1"/>
		</Token>
		
		<Token>
			<TokenIdentifier>//apple_ref/occ/instm/M13ProgressConsole/setMaskColor:</TokenIdentifier>
			<Abstract type="html">The color of the mask if set to solid color.</Abstract>
			<DeclaredIn>M13ProgressConsole.h</DeclaredIn>
			
			<Declaration>@property (nonatomic, retain) UIColor *maskColor</Declaration>
			
			
			<Anchor>//api/name/maskColor</Anchor>
            <NodeRef refid="1"/>
		</Token>
		
		<Token>
			<TokenIdentifier>//apple_ref/occ/instm/M13ProgressConsole/maskColor</TokenIdentifier>
			<Abstract type="html">The color of the mask if set to solid color.</Abstract>
			<DeclaredIn>M13ProgressConsole.h</DeclaredIn>
			
			<Declaration>@property (nonatomic, retain) UIColor *maskColor</Declaration>
			
			
			<Anchor>//api/name/maskColor</Anchor>
            <NodeRef refid="1"/>
		</Token>
		
		<Token>
			<TokenIdentifier>//apple_ref/occ/instp/M13ProgressConsole/maskColor</TokenIdentifier>
			<Abstract type="html">The color of the mask if set to solid color.</Abstract>
			<DeclaredIn>M13ProgressConsole.h</DeclaredIn>
			
			<Declaration>@property (nonatomic, retain) UIColor *maskColor</Declaration>
			
			
			<Anchor>//api/name/maskColor</Anchor>
            <NodeRef refid="1"/>
		</Token>
		
		<Token>
			<TokenIdentifier>//apple_ref/occ/instm/M13ProgressConsole/setShowCursor:</TokenIdentifier>
			<Abstract type="html">Wether or not to show the cursor.</Abstract>
			<DeclaredIn>M13ProgressConsole.h</DeclaredIn>
			
			<Declaration>@property (nonatomic, assign) BOOL showCursor</Declaration>
			
			
			<Anchor>//api/name/showCursor</Anchor>
            <NodeRef refid="1"/>
		</Token>
		
		<Token>
			<TokenIdentifier>//apple_ref/occ/instm/M13ProgressConsole/showCursor</TokenIdentifier>
			<Abstract type="html">Wether or not to show the cursor.</Abstract>
			<DeclaredIn>M13ProgressConsole.h</DeclaredIn>
			
			<Declaration>@property (nonatomic, assign) BOOL showCursor</Declaration>
			
			
			<Anchor>//api/name/showCursor</Anchor>
            <NodeRef refid="1"/>
		</Token>
		
		<Token>
			<TokenIdentifier>//apple_ref/occ/instp/M13ProgressConsole/showCursor</TokenIdentifier>
			<Abstract type="html">Wether or not to show the cursor.</Abstract>
			<DeclaredIn>M13ProgressConsole.h</DeclaredIn>
			
			<Declaration>@property (nonatomic, assign) BOOL showCursor</Declaration>
			
			
			<Anchor>//api/name/showCursor</Anchor>
            <NodeRef refid="1"/>
		</Token>
		
		<Token>
			<TokenIdentifier>//apple_ref/occ/instm/M13ProgressConsole/setPrefix:</TokenIdentifier>
			<Abstract type="html">The prefix string for each line.</Abstract>
			<DeclaredIn>M13ProgressConsole.h</DeclaredIn>
			
			<Declaration>@property (nonatomic, retain) NSString *prefix</Declaration>
			
			
			<Anchor>//api/name/prefix</Anchor>
            <NodeRef refid="1"/>
		</Token>
		
		<Token>
			<TokenIdentifier>//apple_ref/occ/instm/M13ProgressConsole/prefix</TokenIdentifier>
			<Abstract type="html">The prefix string for each line.</Abstract>
			<DeclaredIn>M13ProgressConsole.h</DeclaredIn>
			
			<Declaration>@property (nonatomic, retain) NSString *prefix</Declaration>
			
			
			<Anchor>//api/name/prefix</Anchor>
            <NodeRef refid="1"/>
		</Token>
		
		<Token>
			<TokenIdentifier>//apple_ref/occ/instp/M13ProgressConsole/prefix</TokenIdentifier>
			<Abstract type="html">The prefix string for each line.</Abstract>
			<DeclaredIn>M13ProgressConsole.h</DeclaredIn>
			
			<Declaration>@property (nonatomic, retain) NSString *prefix</Declaration>
			
			
			<Anchor>//api/name/prefix</Anchor>
            <NodeRef refid="1"/>
		</Token>
		
		<Token>
			<TokenIdentifier>//apple_ref/occ/instm/M13ProgressConsole/setLines:</TokenIdentifier>
			<Abstract type="html">The array containing all the lines displyed.</Abstract>
			<DeclaredIn>M13ProgressConsole.h</DeclaredIn>
			
			<Declaration>@property (nonatomic, retain) NSArray *lines</Declaration>
			
			
			<Anchor>//api/name/lines</Anchor>
            <NodeRef refid="1"/>
		</Token>
		
		<Token>
			<TokenIdentifier>//apple_ref/occ/instm/M13ProgressConsole/lines</TokenIdentifier>
			<Abstract type="html">The array containing all the lines displyed.</Abstract>
			<DeclaredIn>M13ProgressConsole.h</DeclaredIn>
			
			<Declaration>@property (nonatomic, retain) NSArray *lines</Declaration>
			
			
			<Anchor>//api/name/lines</Anchor>
            <NodeRef refid="1"/>
		</Token>
		
		<Token>
			<TokenIdentifier>//apple_ref/occ/instp/M13ProgressConsole/lines</TokenIdentifier>
			<Abstract type="html">The array containing all the lines displyed.</Abstract>
			<DeclaredIn>M13ProgressConsole.h</DeclaredIn>
			
			<Declaration>@property (nonatomic, retain) NSArray *lines</Declaration>
			
			
			<Anchor>//api/name/lines</Anchor>
            <NodeRef refid="1"/>
		</Token>
		
		<Token>
			<TokenIdentifier>//apple_ref/occ/instm/M13ProgressConsole/setAnimationDuration:</TokenIdentifier>
			<Abstract type="html">The durations of animations in seconds.</Abstract>
			<DeclaredIn>M13ProgressConsole.h</DeclaredIn>
			
			<Declaration>@property (nonatomic, assign) CGFloat animationDuration</Declaration>
			
			
			<Anchor>//api/name/animationDuration</Anchor>
            <NodeRef refid="1"/>
		</Token>
		
		<Token>
			<TokenIdentifier>//apple_ref/occ/instm/M13ProgressConsole/animationDuration</TokenIdentifier>
			<Abstract type="html">The durations of animations in seconds.</Abstract>
			<DeclaredIn>M13ProgressConsole.h</DeclaredIn>
			
			<Declaration>@property (nonatomic, assign) CGFloat animationDuration</Declaration>
			
			
			<Anchor>//api/name/animationDuration</Anchor>
            <NodeRef refid="1"/>
		</Token>
		
		<Token>
			<TokenIdentifier>//apple_ref/occ/instp/M13ProgressConsole/animationDuration</TokenIdentifier>
			<Abstract type="html">The durations of animations in seconds.</Abstract>
			<DeclaredIn>M13ProgressConsole.h</DeclaredIn>
			
			<Declaration>@property (nonatomic, assign) CGFloat animationDuration</Declaration>
			
			
			<Anchor>//api/name/animationDuration</Anchor>
            <NodeRef refid="1"/>
		</Token>
		
		<Token>
			<TokenIdentifier>//apple_ref/occ/instm/M13ProgressConsole/setProgress:</TokenIdentifier>
			<Abstract type="html">Set the progress of the M13ProgressView.</Abstract>
			<DeclaredIn>M13ProgressConsole.h</DeclaredIn>
			
			<Declaration>- (void)setProgress:(CGFloat)progress</Declaration>
			<Parameters>
				<Parameter>
					<Name>progress</Name>
					<Abstract type="html">The progress to show on the current line.</Abstract>
				</Parameter>
			</Parameters>
			
			<Anchor>//api/name/setProgress:</Anchor>
            <NodeRef refid="1"/>
		</Token>
		
		<Token>
			<TokenIdentifier>//apple_ref/occ/instm/M13ProgressConsole/setCurrentLine:</TokenIdentifier>
			<Abstract type="html">Set the text of the current line.</Abstract>
			<DeclaredIn>M13ProgressConsole.h</DeclaredIn>
			
			<Declaration>- (void)setCurrentLine:(NSString *)currentLine</Declaration>
			<Parameters>
				<Parameter>
					<Name>currentLine</Name>
					<Abstract type="html">The string to replace the current line with.</Abstract>
				</Parameter>
			</Parameters>
			
			<Anchor>//api/name/setCurrentLine:</Anchor>
            <NodeRef refid="1"/>
		</Token>
		
		<Token>
			<TokenIdentifier>//apple_ref/occ/instm/M13ProgressConsole/addNewLineWithString:</TokenIdentifier>
			<Abstract type="html">Add a new line with the given text.</Abstract>
			<DeclaredIn>M13ProgressConsole.h</DeclaredIn>
			
			<Declaration>- (void)addNewLineWithString:(NSString *)newLine</Declaration>
			<Parameters>
				<Parameter>
					<Name>newLine</Name>
					<Abstract type="html">The text to start a new line with.</Abstract>
				</Parameter>
			</Parameters>
			
			<Anchor>//api/name/addNewLineWithString:</Anchor>
            <NodeRef refid="1"/>
		</Token>
		
		<Token>
			<TokenIdentifier>//apple_ref/occ/instm/M13ProgressConsole/clear</TokenIdentifier>
			<Abstract type="html">Clears the console.</Abstract>
			<DeclaredIn>M13ProgressConsole.h</DeclaredIn>
			
			<Declaration>- (void)clear</Declaration>
			
			
			<Anchor>//api/name/clear</Anchor>
            <NodeRef refid="1"/>
		</Token>
		
        
	</File>
</Tokens>