<?xml version="1.0" encoding="UTF-8"?>
<Tokens version="1.0">
	<File path="Classes/M13ProgressViewSegmentedRing.html">
		
		<Token>
			<TokenIdentifier>//apple_ref/occ/cl/M13ProgressViewSegmentedRing</TokenIdentifier>
			<Abstract type="html">Progress is shown by a ring split up into segments.</Abstract>
			<DeclaredIn>M13ProgressViewSegmentedRing.h</DeclaredIn>
            
			
			<NodeRef refid="16"/>
		</Token>
		
		
		<Token>
			<TokenIdentifier>//apple_ref/occ/instm/M13ProgressViewSegmentedRing/setProgressRingWidth:</TokenIdentifier>
			<Abstract type="html">The width of the progress ring in points.</Abstract>
			<DeclaredIn>M13ProgressViewSegmentedRing.h</DeclaredIn>
			
			<Declaration>@property (nonatomic, assign) CGFloat progressRingWidth</Declaration>
			
			
			<Anchor>//api/name/progressRingWidth</Anchor>
            <NodeRef refid="16"/>
		</Token>
		
		<Token>
			<TokenIdentifier>//apple_ref/occ/instm/M13ProgressViewSegmentedRing/progressRingWidth</TokenIdentifier>
			<Abstract type="html">The width of the progress ring in points.</Abstract>
			<DeclaredIn>M13ProgressViewSegmentedRing.h</DeclaredIn>
			
			<Declaration>@property (nonatomic, assign) CGFloat progressRingWidth</Declaration>
			
			
			<Anchor>//api/name/progressRingWidth</Anchor>
            <NodeRef refid="16"/>
		</Token>
		
		<Token>
			<TokenIdentifier>//apple_ref/occ/instp/M13ProgressViewSegmentedRing/progressRingWidth</TokenIdentifier>
			<Abstract type="html">The width of the progress ring in points.</Abstract>
			<DeclaredIn>M13ProgressViewSegmentedRing.h</DeclaredIn>
			
			<Declaration>@property (nonatomic, assign) CGFloat progressRingWidth</Declaration>
			
			
			<Anchor>//api/name/progressRingWidth</Anchor>
            <NodeRef refid="16"/>
		</Token>
		
		<Token>
			<TokenIdentifier>//apple_ref/occ/instm/M13ProgressViewSegmentedRing/setNumberOfSegments:</TokenIdentifier>
			<Abstract type="html">The number of segments to display in the progress view.</Abstract>
			<DeclaredIn>M13ProgressViewSegmentedRing.h</DeclaredIn>
			
			<Declaration>@property (nonatomic, assign) NSInteger numberOfSegments</Declaration>
			
			
			<Anchor>//api/name/numberOfSegments</Anchor>
            <NodeRef refid="16"/>
		</Token>
		
		<Token>
			<TokenIdentifier>//apple_ref/occ/instm/M13ProgressViewSegmentedRing/numberOfSegments</TokenIdentifier>
			<Abstract type="html">The number of segments to display in the progress view.</Abstract>
			<DeclaredIn>M13ProgressViewSegmentedRing.h</DeclaredIn>
			
			<Declaration>@property (nonatomic, assign) NSInteger numberOfSegments</Declaration>
			
			
			<Anchor>//api/name/numberOfSegments</Anchor>
            <NodeRef refid="16"/>
		</Token>
		
		<Token>
			<TokenIdentifier>//apple_ref/occ/instp/M13ProgressViewSegmentedRing/numberOfSegments</TokenIdentifier>
			<Abstract type="html">The number of segments to display in the progress view.</Abstract>
			<DeclaredIn>M13ProgressViewSegmentedRing.h</DeclaredIn>
			
			<Declaration>@property (nonatomic, assign) NSInteger numberOfSegments</Declaration>
			
			
			<Anchor>//api/name/numberOfSegments</Anchor>
            <NodeRef refid="16"/>
		</Token>
		
		<Token>
			<TokenIdentifier>//apple_ref/occ/instm/M13ProgressViewSegmentedRing/setSegmentSeparationAngle:</TokenIdentifier>
			<Abstract type="html">The angle of the separation between the segments in radians.</Abstract>
			<DeclaredIn>M13ProgressViewSegmentedRing.h</DeclaredIn>
			
			<Declaration>@property (nonatomic, assign) CGFloat segmentSeparationAngle</Declaration>
			
			
			<Anchor>//api/name/segmentSeparationAngle</Anchor>
            <NodeRef refid="16"/>
		</Token>
		
		<Token>
			<TokenIdentifier>//apple_ref/occ/instm/M13ProgressViewSegmentedRing/segmentSeparationAngle</TokenIdentifier>
			<Abstract type="html">The angle of the separation between the segments in radians.</Abstract>
			<DeclaredIn>M13ProgressViewSegmentedRing.h</DeclaredIn>
			
			<Declaration>@property (nonatomic, assign) CGFloat segmentSeparationAngle</Declaration>
			
			
			<Anchor>//api/name/segmentSeparationAngle</Anchor>
            <NodeRef refid="16"/>
		</Token>
		
		<Token>
			<TokenIdentifier>//apple_ref/occ/instp/M13ProgressViewSegmentedRing/segmentSeparationAngle</TokenIdentifier>
			<Abstract type="html">The angle of the separation between the segments in radians.</Abstract>
			<DeclaredIn>M13ProgressViewSegmentedRing.h</DeclaredIn>
			
			<Declaration>@property (nonatomic, assign) CGFloat segmentSeparationAngle</Declaration>
			
			
			<Anchor>//api/name/segmentSeparationAngle</Anchor>
            <NodeRef refid="16"/>
		</Token>
		
		<Token>
			<TokenIdentifier>//apple_ref/occ/instm/M13ProgressViewSegmentedRing/setSegmentBoundaryType:</TokenIdentifier>
			<Abstract type="html">The type of boundary between segments.</Abstract>
			<DeclaredIn>M13ProgressViewSegmentedRing.h</DeclaredIn>
			
			<Declaration>@property (nonatomic, assign) M13ProgressViewSegmentedRingSegmentBoundaryType segmentBoundaryType</Declaration>
			
			
			<Anchor>//api/name/segmentBoundaryType</Anchor>
            <NodeRef refid="16"/>
		</Token>
		
		<Token>
			<TokenIdentifier>//apple_ref/occ/instm/M13ProgressViewSegmentedRing/segmentBoundaryType</TokenIdentifier>
			<Abstract type="html">The type of boundary between segments.</Abstract>
			<DeclaredIn>M13ProgressViewSegmentedRing.h</DeclaredIn>
			
			<Declaration>@property (nonatomic, assign) M13ProgressViewSegmentedRingSegmentBoundaryType segmentBoundaryType</Declaration>
			
			
			<Anchor>//api/name/segmentBoundaryType</Anchor>
            <NodeRef refid="16"/>
		</Token>
		
		<Token>
			<TokenIdentifier>//apple_ref/occ/instp/M13ProgressViewSegmentedRing/segmentBoundaryType</TokenIdentifier>
			<Abstract type="html">The type of boundary between segments.</Abstract>
			<DeclaredIn>M13ProgressViewSegmentedRing.h</DeclaredIn>
			
			<Declaration>@property (nonatomic, assign) M13ProgressViewSegmentedRingSegmentBoundaryType segmentBoundaryType</Declaration>
			
			
			<Anchor>//api/name/segmentBoundaryType</Anchor>
            <NodeRef refid="16"/>
		</Token>
		
		<Token>
			<TokenIdentifier>//apple_ref/occ/instm/M13ProgressViewSegmentedRing/setShowPercentage:</TokenIdentifier>
			<Abstract type="html">Wether or not to display a percentage inside the ring.</Abstract>
			<DeclaredIn>M13ProgressViewSegmentedRing.h</DeclaredIn>
			
			<Declaration>@property (nonatomic, assign) BOOL showPercentage</Declaration>
			
			
			<Anchor>//api/name/showPercentage</Anchor>
            <NodeRef refid="16"/>
		</Token>
		
		<Token>
			<TokenIdentifier>//apple_ref/occ/instm/M13ProgressViewSegmentedRing/showPercentage</TokenIdentifier>
			<Abstract type="html">Wether or not to display a percentage inside the ring.</Abstract>
			<DeclaredIn>M13ProgressViewSegmentedRing.h</DeclaredIn>
			
			<Declaration>@property (nonatomic, assign) BOOL showPercentage</Declaration>
			
			
			<Anchor>//api/name/showPercentage</Anchor>
            <NodeRef refid="16"/>
		</Token>
		
		<Token>
			<TokenIdentifier>//apple_ref/occ/instp/M13ProgressViewSegmentedRing/showPercentage</TokenIdentifier>
			<Abstract type="html">Wether or not to display a percentage inside the ring.</Abstract>
			<DeclaredIn>M13ProgressViewSegmentedRing.h</DeclaredIn>
			
			<Declaration>@property (nonatomic, assign) BOOL showPercentage</Declaration>
			
			
			<Anchor>//api/name/showPercentage</Anchor>
            <NodeRef refid="16"/>
		</Token>
		
		<Token>
			<TokenIdentifier>//apple_ref/occ/instm/M13ProgressViewSegmentedRing/setPrimaryColor:</TokenIdentifier>
			<Abstract type="html">The primary color of the M13ProgressView.</Abstract>
			<DeclaredIn>M13ProgressViewSegmentedRing.m</DeclaredIn>
			
			<Declaration>- (void)setPrimaryColor:(UIColor *)primaryColor</Declaration>
			
			
			<Anchor>//api/name/setPrimaryColor:</Anchor>
            <NodeRef refid="16"/>
		</Token>
		
		<Token>
			<TokenIdentifier>//apple_ref/occ/instm/M13ProgressViewSegmentedRing/setSecondaryColor:</TokenIdentifier>
			<Abstract type="html">The secondary color of the M13ProgressView.</Abstract>
			<DeclaredIn>M13ProgressViewSegmentedRing.m</DeclaredIn>
			
			<Declaration>- (void)setSecondaryColor:(UIColor *)secondaryColor</Declaration>
			
			
			<Anchor>//api/name/setSecondaryColor:</Anchor>
            <NodeRef refid="16"/>
		</Token>
		
		<Token>
			<TokenIdentifier>//apple_ref/occ/instm/M13ProgressViewSegmentedRing/setProgress:animated:</TokenIdentifier>
			<Abstract type="html">Set the progress of the M13ProgressView.</Abstract>
			<DeclaredIn>M13ProgressViewSegmentedRing.m</DeclaredIn>
			
			<Declaration>- (void)setProgress:(CGFloat)progress animated:(BOOL)animated</Declaration>
			<Parameters>
				<Parameter>
					<Name>progress</Name>
					<Abstract type="html">The progress to show on the progress view.</Abstract>
				</Parameter><Parameter>
					<Name>animated</Name>
					<Abstract type="html">Wether or not to animate the progress change.</Abstract>
				</Parameter>
			</Parameters>
			
			<Anchor>//api/name/setProgress:animated:</Anchor>
            <NodeRef refid="16"/>
		</Token>
		
		<Token>
			<TokenIdentifier>//apple_ref/occ/instm/M13ProgressViewSegmentedRing/performAction:animated:</TokenIdentifier>
			<Abstract type="html">Perform the given action if defined. Usually showing success or failure.</Abstract>
			<DeclaredIn>M13ProgressViewSegmentedRing.m</DeclaredIn>
			
			<Declaration>- (void)performAction:(M13ProgressViewAction)action animated:(BOOL)animated</Declaration>
			<Parameters>
				<Parameter>
					<Name>action</Name>
					<Abstract type="html">The action to perform.</Abstract>
				</Parameter><Parameter>
					<Name>animated</Name>
					<Abstract type="html">Wether or not to animate the change</Abstract>
				</Parameter>
			</Parameters>
			
			<Anchor>//api/name/performAction:animated:</Anchor>
            <NodeRef refid="16"/>
		</Token>
		
		<Token>
			<TokenIdentifier>//apple_ref/occ/instm/M13ProgressViewSegmentedRing/setIndeterminate:</TokenIdentifier>
			<Abstract type="html">Wether or not the progress view is indeterminate.</Abstract>
			<DeclaredIn>M13ProgressViewSegmentedRing.m</DeclaredIn>
			
			<Declaration>- (void)setIndeterminate:(BOOL)indeterminate</Declaration>
			
			
			<Anchor>//api/name/setIndeterminate:</Anchor>
            <NodeRef refid="16"/>
		</Token>
		
		<Token>
			<TokenIdentifier>//apple_ref/occ/instm/M13ProgressViewSegmentedRing/setPercentageFormatter:</TokenIdentifier>
			<Abstract type="html">The number formatter to display the progress percentage.</Abstract>
			<DeclaredIn>M13ProgressViewSegmentedRing.m</DeclaredIn>
			
			<Declaration>@property (nonatomic, retain) NSNumberFormatter *percentageFormatter</Declaration>
			
			
			<Anchor>//api/name/percentageFormatter</Anchor>
            <NodeRef refid="16"/>
		</Token>
		
		<Token>
			<TokenIdentifier>//apple_ref/occ/instm/M13ProgressViewSegmentedRing/percentageFormatter</TokenIdentifier>
			<Abstract type="html">The number formatter to display the progress percentage.</Abstract>
			<DeclaredIn>M13ProgressViewSegmentedRing.m</DeclaredIn>
			
			<Declaration>@property (nonatomic, retain) NSNumberFormatter *percentageFormatter</Declaration>
			
			
			<Anchor>//api/name/percentageFormatter</Anchor>
            <NodeRef refid="16"/>
		</Token>
		
		<Token>
			<TokenIdentifier>//apple_ref/occ/instp/M13ProgressViewSegmentedRing/percentageFormatter</TokenIdentifier>
			<Abstract type="html">The number formatter to display the progress percentage.</Abstract>
			<DeclaredIn>M13ProgressViewSegmentedRing.m</DeclaredIn>
			
			<Declaration>@property (nonatomic, retain) NSNumberFormatter *percentageFormatter</Declaration>
			
			
			<Anchor>//api/name/percentageFormatter</Anchor>
            <NodeRef refid="16"/>
		</Token>
		
		<Token>
			<TokenIdentifier>//apple_ref/occ/instm/M13ProgressViewSegmentedRing/setPercentageLabel:</TokenIdentifier>
			<Abstract type="html">The label that shows the percentage.</Abstract>
			<DeclaredIn>M13ProgressViewSegmentedRing.m</DeclaredIn>
			
			<Declaration>@property (nonatomic, retain) UILabel *percentageLabel</Declaration>
			
			
			<Anchor>//api/name/percentageLabel</Anchor>
            <NodeRef refid="16"/>
		</Token>
		
		<Token>
			<TokenIdentifier>//apple_ref/occ/instm/M13ProgressViewSegmentedRing/percentageLabel</TokenIdentifier>
			<Abstract type="html">The label that shows the percentage.</Abstract>
			<DeclaredIn>M13ProgressViewSegmentedRing.m</DeclaredIn>
			
			<Declaration>@property (nonatomic, retain) UILabel *percentageLabel</Declaration>
			
			
			<Anchor>//api/name/percentageLabel</Anchor>
            <NodeRef refid="16"/>
		</Token>
		
		<Token>
			<TokenIdentifier>//apple_ref/occ/instp/M13ProgressViewSegmentedRing/percentageLabel</TokenIdentifier>
			<Abstract type="html">The label that shows the percentage.</Abstract>
			<DeclaredIn>M13ProgressViewSegmentedRing.m</DeclaredIn>
			
			<Declaration>@property (nonatomic, retain) UILabel *percentageLabel</Declaration>
			
			
			<Anchor>//api/name/percentageLabel</Anchor>
            <NodeRef refid="16"/>
		</Token>
		
		<Token>
			<TokenIdentifier>//apple_ref/occ/instm/M13ProgressViewSegmentedRing/setAnimationFromValue:</TokenIdentifier>
			<Abstract type="html">The start progress for the progress animation.</Abstract>
			<DeclaredIn>M13ProgressViewSegmentedRing.m</DeclaredIn>
			
			<Declaration>@property (nonatomic, assign) CGFloat animationFromValue</Declaration>
			
			
			<Anchor>//api/name/animationFromValue</Anchor>
            <NodeRef refid="16"/>
		</Token>
		
		<Token>
			<TokenIdentifier>//apple_ref/occ/instm/M13ProgressViewSegmentedRing/animationFromValue</TokenIdentifier>
			<Abstract type="html">The start progress for the progress animation.</Abstract>
			<DeclaredIn>M13ProgressViewSegmentedRing.m</DeclaredIn>
			
			<Declaration>@property (nonatomic, assign) CGFloat animationFromValue</Declaration>
			
			
			<Anchor>//api/name/animationFromValue</Anchor>
            <NodeRef refid="16"/>
		</Token>
		
		<Token>
			<TokenIdentifier>//apple_ref/occ/instp/M13ProgressViewSegmentedRing/animationFromValue</TokenIdentifier>
			<Abstract type="html">The start progress for the progress animation.</Abstract>
			<DeclaredIn>M13ProgressViewSegmentedRing.m</DeclaredIn>
			
			<Declaration>@property (nonatomic, assign) CGFloat animationFromValue</Declaration>
			
			
			<Anchor>//api/name/animationFromValue</Anchor>
            <NodeRef refid="16"/>
		</Token>
		
		<Token>
			<TokenIdentifier>//apple_ref/occ/instm/M13ProgressViewSegmentedRing/setAnimationToValue:</TokenIdentifier>
			<Abstract type="html">The end progress for the progress animation.</Abstract>
			<DeclaredIn>M13ProgressViewSegmentedRing.m</DeclaredIn>
			
			<Declaration>@property (nonatomic, assign) CGFloat animationToValue</Declaration>
			
			
			<Anchor>//api/name/animationToValue</Anchor>
            <NodeRef refid="16"/>
		</Token>
		
		<Token>
			<TokenIdentifier>//apple_ref/occ/instm/M13ProgressViewSegmentedRing/animationToValue</TokenIdentifier>
			<Abstract type="html">The end progress for the progress animation.</Abstract>
			<DeclaredIn>M13ProgressViewSegmentedRing.m</DeclaredIn>
			
			<Declaration>@property (nonatomic, assign) CGFloat animationToValue</Declaration>
			
			
			<Anchor>//api/name/animationToValue</Anchor>
            <NodeRef refid="16"/>
		</Token>
		
		<Token>
			<TokenIdentifier>//apple_ref/occ/instp/M13ProgressViewSegmentedRing/animationToValue</TokenIdentifier>
			<Abstract type="html">The end progress for the progress animation.</Abstract>
			<DeclaredIn>M13ProgressViewSegmentedRing.m</DeclaredIn>
			
			<Declaration>@property (nonatomic, assign) CGFloat animationToValue</Declaration>
			
			
			<Anchor>//api/name/animationToValue</Anchor>
            <NodeRef refid="16"/>
		</Token>
		
		<Token>
			<TokenIdentifier>//apple_ref/occ/instm/M13ProgressViewSegmentedRing/setAnimationStartTime:</TokenIdentifier>
			<Abstract type="html">The start time interval for the animaiton.</Abstract>
			<DeclaredIn>M13ProgressViewSegmentedRing.m</DeclaredIn>
			
			<Declaration>@property (nonatomic, assign) CFTimeInterval animationStartTime</Declaration>
			
			
			<Anchor>//api/name/animationStartTime</Anchor>
            <NodeRef refid="16"/>
		</Token>
		
		<Token>
			<TokenIdentifier>//apple_ref/occ/instm/M13ProgressViewSegmentedRing/animationStartTime</TokenIdentifier>
			<Abstract type="html">The start time interval for the animaiton.</Abstract>
			<DeclaredIn>M13ProgressViewSegmentedRing.m</DeclaredIn>
			
			<Declaration>@property (nonatomic, assign) CFTimeInterval animationStartTime</Declaration>
			
			
			<Anchor>//api/name/animationStartTime</Anchor>
            <NodeRef refid="16"/>
		</Token>
		
		<Token>
			<TokenIdentifier>//apple_ref/occ/instp/M13ProgressViewSegmentedRing/animationStartTime</TokenIdentifier>
			<Abstract type="html">The start time interval for the animaiton.</Abstract>
			<DeclaredIn>M13ProgressViewSegmentedRing.m</DeclaredIn>
			
			<Declaration>@property (nonatomic, assign) CFTimeInterval animationStartTime</Declaration>
			
			
			<Anchor>//api/name/animationStartTime</Anchor>
            <NodeRef refid="16"/>
		</Token>
		
		<Token>
			<TokenIdentifier>//apple_ref/occ/instm/M13ProgressViewSegmentedRing/setDisplayLink:</TokenIdentifier>
			<Abstract type="html">Link to the display to keep animations in sync.</Abstract>
			<DeclaredIn>M13ProgressViewSegmentedRing.m</DeclaredIn>
			
			<Declaration>@property (nonatomic, strong) CADisplayLink *displayLink</Declaration>
			
			
			<Anchor>//api/name/displayLink</Anchor>
            <NodeRef refid="16"/>
		</Token>
		
		<Token>
			<TokenIdentifier>//apple_ref/occ/instm/M13ProgressViewSegmentedRing/displayLink</TokenIdentifier>
			<Abstract type="html">Link to the display to keep animations in sync.</Abstract>
			<DeclaredIn>M13ProgressViewSegmentedRing.m</DeclaredIn>
			
			<Declaration>@property (nonatomic, strong) CADisplayLink *displayLink</Declaration>
			
			
			<Anchor>//api/name/displayLink</Anchor>
            <NodeRef refid="16"/>
		</Token>
		
		<Token>
			<TokenIdentifier>//apple_ref/occ/instp/M13ProgressViewSegmentedRing/displayLink</TokenIdentifier>
			<Abstract type="html">Link to the display to keep animations in sync.</Abstract>
			<DeclaredIn>M13ProgressViewSegmentedRing.m</DeclaredIn>
			
			<Declaration>@property (nonatomic, strong) CADisplayLink *displayLink</Declaration>
			
			
			<Anchor>//api/name/displayLink</Anchor>
            <NodeRef refid="16"/>
		</Token>
		
		<Token>
			<TokenIdentifier>//apple_ref/occ/instm/M13ProgressViewSegmentedRing/setProgress:</TokenIdentifier>
			<Abstract type="html">Allow us to write to the progress.</Abstract>
			<DeclaredIn>M13ProgressViewSegmentedRing.m</DeclaredIn>
			
			<Declaration>@property (nonatomic, readwrite) CGFloat progress</Declaration>
			
			
			<Anchor>//api/name/progress</Anchor>
            <NodeRef refid="16"/>
		</Token>
		
		<Token>
			<TokenIdentifier>//apple_ref/occ/instm/M13ProgressViewSegmentedRing/progress</TokenIdentifier>
			<Abstract type="html">Allow us to write to the progress.</Abstract>
			<DeclaredIn>M13ProgressViewSegmentedRing.m</DeclaredIn>
			
			<Declaration>@property (nonatomic, readwrite) CGFloat progress</Declaration>
			
			
			<Anchor>//api/name/progress</Anchor>
            <NodeRef refid="16"/>
		</Token>
		
		<Token>
			<TokenIdentifier>//apple_ref/occ/instp/M13ProgressViewSegmentedRing/progress</TokenIdentifier>
			<Abstract type="html">Allow us to write to the progress.</Abstract>
			<DeclaredIn>M13ProgressViewSegmentedRing.m</DeclaredIn>
			
			<Declaration>@property (nonatomic, readwrite) CGFloat progress</Declaration>
			
			
			<Anchor>//api/name/progress</Anchor>
            <NodeRef refid="16"/>
		</Token>
		
		<Token>
			<TokenIdentifier>//apple_ref/occ/instm/M13ProgressViewSegmentedRing/setProgressLayer:</TokenIdentifier>
			<Abstract type="html">The layer that progress is shown on.</Abstract>
			<DeclaredIn>M13ProgressViewSegmentedRing.m</DeclaredIn>
			
			<Declaration>@property (nonatomic, retain) CAShapeLayer *progressLayer</Declaration>
			
			
			<Anchor>//api/name/progressLayer</Anchor>
            <NodeRef refid="16"/>
		</Token>
		
		<Token>
			<TokenIdentifier>//apple_ref/occ/instm/M13ProgressViewSegmentedRing/progressLayer</TokenIdentifier>
			<Abstract type="html">The layer that progress is shown on.</Abstract>
			<DeclaredIn>M13ProgressViewSegmentedRing.m</DeclaredIn>
			
			<Declaration>@property (nonatomic, retain) CAShapeLayer *progressLayer</Declaration>
			
			
			<Anchor>//api/name/progressLayer</Anchor>
            <NodeRef refid="16"/>
		</Token>
		
		<Token>
			<TokenIdentifier>//apple_ref/occ/instp/M13ProgressViewSegmentedRing/progressLayer</TokenIdentifier>
			<Abstract type="html">The layer that progress is shown on.</Abstract>
			<DeclaredIn>M13ProgressViewSegmentedRing.m</DeclaredIn>
			
			<Declaration>@property (nonatomic, retain) CAShapeLayer *progressLayer</Declaration>
			
			
			<Anchor>//api/name/progressLayer</Anchor>
            <NodeRef refid="16"/>
		</Token>
		
		<Token>
			<TokenIdentifier>//apple_ref/occ/instm/M13ProgressViewSegmentedRing/setBackgroundLayer:</TokenIdentifier>
			<Abstract type="html">The layer that the background shown on.</Abstract>
			<DeclaredIn>M13ProgressViewSegmentedRing.m</DeclaredIn>
			
			<Declaration>@property (nonatomic, retain) CAShapeLayer *backgroundLayer</Declaration>
			
			
			<Anchor>//api/name/backgroundLayer</Anchor>
            <NodeRef refid="16"/>
		</Token>
		
		<Token>
			<TokenIdentifier>//apple_ref/occ/instm/M13ProgressViewSegmentedRing/backgroundLayer</TokenIdentifier>
			<Abstract type="html">The layer that the background shown on.</Abstract>
			<DeclaredIn>M13ProgressViewSegmentedRing.m</DeclaredIn>
			
			<Declaration>@property (nonatomic, retain) CAShapeLayer *backgroundLayer</Declaration>
			
			
			<Anchor>//api/name/backgroundLayer</Anchor>
            <NodeRef refid="16"/>
		</Token>
		
		<Token>
			<TokenIdentifier>//apple_ref/occ/instp/M13ProgressViewSegmentedRing/backgroundLayer</TokenIdentifier>
			<Abstract type="html">The layer that the background shown on.</Abstract>
			<DeclaredIn>M13ProgressViewSegmentedRing.m</DeclaredIn>
			
			<Declaration>@property (nonatomic, retain) CAShapeLayer *backgroundLayer</Declaration>
			
			
			<Anchor>//api/name/backgroundLayer</Anchor>
            <NodeRef refid="16"/>
		</Token>
		
		<Token>
			<TokenIdentifier>//apple_ref/occ/instm/M13ProgressViewSegmentedRing/setIconLayer:</TokenIdentifier>
			<Abstract type="html">The layer that is used to render icons for success or failure.</Abstract>
			<DeclaredIn>M13ProgressViewSegmentedRing.m</DeclaredIn>
			
			<Declaration>@property (nonatomic, retain) CAShapeLayer *iconLayer</Declaration>
			
			
			<Anchor>//api/name/iconLayer</Anchor>
            <NodeRef refid="16"/>
		</Token>
		
		<Token>
			<TokenIdentifier>//apple_ref/occ/instm/M13ProgressViewSegmentedRing/iconLayer</TokenIdentifier>
			<Abstract type="html">The layer that is used to render icons for success or failure.</Abstract>
			<DeclaredIn>M13ProgressViewSegmentedRing.m</DeclaredIn>
			
			<Declaration>@property (nonatomic, retain) CAShapeLayer *iconLayer</Declaration>
			
			
			<Anchor>//api/name/iconLayer</Anchor>
            <NodeRef refid="16"/>
		</Token>
		
		<Token>
			<TokenIdentifier>//apple_ref/occ/instp/M13ProgressViewSegmentedRing/iconLayer</TokenIdentifier>
			<Abstract type="html">The layer that is used to render icons for success or failure.</Abstract>
			<DeclaredIn>M13ProgressViewSegmentedRing.m</DeclaredIn>
			
			<Declaration>@property (nonatomic, retain) CAShapeLayer *iconLayer</Declaration>
			
			
			<Anchor>//api/name/iconLayer</Anchor>
            <NodeRef refid="16"/>
		</Token>
		
		<Token>
			<TokenIdentifier>//apple_ref/occ/instm/M13ProgressViewSegmentedRing/setCurrentAction:</TokenIdentifier>
			<Abstract type="html">The action currently being performed.</Abstract>
			<DeclaredIn>M13ProgressViewSegmentedRing.m</DeclaredIn>
			
			<Declaration>@property (nonatomic, assign) M13ProgressViewAction currentAction</Declaration>
			
			
			<Anchor>//api/name/currentAction</Anchor>
            <NodeRef refid="16"/>
		</Token>
		
		<Token>
			<TokenIdentifier>//apple_ref/occ/instm/M13ProgressViewSegmentedRing/currentAction</TokenIdentifier>
			<Abstract type="html">The action currently being performed.</Abstract>
			<DeclaredIn>M13ProgressViewSegmentedRing.m</DeclaredIn>
			
			<Declaration>@property (nonatomic, assign) M13ProgressViewAction currentAction</Declaration>
			
			
			<Anchor>//api/name/currentAction</Anchor>
            <NodeRef refid="16"/>
		</Token>
		
		<Token>
			<TokenIdentifier>//apple_ref/occ/instp/M13ProgressViewSegmentedRing/currentAction</TokenIdentifier>
			<Abstract type="html">The action currently being performed.</Abstract>
			<DeclaredIn>M13ProgressViewSegmentedRing.m</DeclaredIn>
			
			<Declaration>@property (nonatomic, assign) M13ProgressViewAction currentAction</Declaration>
			
			
			<Anchor>//api/name/currentAction</Anchor>
            <NodeRef refid="16"/>
		</Token>
		
        
	</File>
</Tokens>