<?xml version="1.0" encoding="UTF-8"?>
<Tokens version="1.0">
	<File path="Classes/M13ProgressHUD.html">
		
		<Token>
			<TokenIdentifier>//apple_ref/occ/cl/M13ProgressHUD</TokenIdentifier>
			<Abstract type="html">A progress HUD to display progress, and a description over a window or view.</Abstract>
			<DeclaredIn>M13ProgressHUD.h</DeclaredIn>
            
			
			<NodeRef refid="2"/>
		</Token>
		
		
		<Token>
			<TokenIdentifier>//apple_ref/occ/instm/M13ProgressHUD/initWithProgressView:</TokenIdentifier>
			<Abstract type="html">Initalize the HUD with a customized progress view.</Abstract>
			<DeclaredIn>M13ProgressHUD.h</DeclaredIn>
			
			<Declaration>- (id)initWithProgressView:(M13ProgressView *)progressView</Declaration>
			<Parameters>
				<Parameter>
					<Name>progressView</Name>
					<Abstract type="html">The progres view to display in the HUD.</Abstract>
				</Parameter>
			</Parameters>
			
			<Anchor>//api/name/initWithProgressView:</Anchor>
            <NodeRef refid="2"/>
		</Token>
		
		<Token>
			<TokenIdentifier>//apple_ref/occ/instm/M13ProgressHUD/initAndShowWithProgressView:progress:indeterminate:status:mask:inView:</TokenIdentifier>
			<Abstract type="html">Initalize and show the hud with parameters.</Abstract>
			<DeclaredIn>M13ProgressHUD.h</DeclaredIn>
			
			<Declaration>- (id)initAndShowWithProgressView:(M13ProgressView *)progressView progress:(CGFloat)progress indeterminate:(BOOL)indeterminate status:(NSString *)status mask:(M13ProgressHUDMaskType)maskType inView:(UIView *)view</Declaration>
			<Parameters>
				<Parameter>
					<Name>progressView</Name>
					<Abstract type="html">The progress view to show in the HUD.</Abstract>
				</Parameter><Parameter>
					<Name>progress</Name>
					<Abstract type="html">The progress to display in the progress view.</Abstract>
				</Parameter><Parameter>
					<Name>indeterminate</Name>
					<Abstract type="html">Wether or not the progress view is indeterminate.</Abstract>
				</Parameter><Parameter>
					<Name>status</Name>
					<Abstract type="html">The status to display in the HUD.</Abstract>
				</Parameter><Parameter>
					<Name>maskType</Name>
					<Abstract type="html">The type of mask to use for the HUD.</Abstract>
				</Parameter><Parameter>
					<Name>view</Name>
					<Abstract type="html">The view to show the HUD in.</Abstract>
				</Parameter>
			</Parameters>
			<ReturnValue><Abstract type="html">A instance of M13PRogressHUD</Abstract></ReturnValue>
			<Anchor>//api/name/initAndShowWithProgressView:progress:indeterminate:status:mask:inView:</Anchor>
            <NodeRef refid="2"/>
		</Token>
		
		<Token>
			<TokenIdentifier>//apple_ref/occ/instm/M13ProgressHUD/setProgressView:</TokenIdentifier>
			<Abstract type="html">The progress view displaied.</Abstract>
			<DeclaredIn>M13ProgressHUD.h</DeclaredIn>
			
			<Declaration>@property (nonatomic, retain) M13ProgressView *progressView</Declaration>
			
			
			<Anchor>//api/name/progressView</Anchor>
            <NodeRef refid="2"/>
		</Token>
		
		<Token>
			<TokenIdentifier>//apple_ref/occ/instm/M13ProgressHUD/progressView</TokenIdentifier>
			<Abstract type="html">The progress view displaied.</Abstract>
			<DeclaredIn>M13ProgressHUD.h</DeclaredIn>
			
			<Declaration>@property (nonatomic, retain) M13ProgressView *progressView</Declaration>
			
			
			<Anchor>//api/name/progressView</Anchor>
            <NodeRef refid="2"/>
		</Token>
		
		<Token>
			<TokenIdentifier>//apple_ref/occ/instp/M13ProgressHUD/progressView</TokenIdentifier>
			<Abstract type="html">The progress view displaied.</Abstract>
			<DeclaredIn>M13ProgressHUD.h</DeclaredIn>
			
			<Declaration>@property (nonatomic, retain) M13ProgressView *progressView</Declaration>
			
			
			<Anchor>//api/name/progressView</Anchor>
            <NodeRef refid="2"/>
		</Token>
		
		<Token>
			<TokenIdentifier>//apple_ref/occ/instm/M13ProgressHUD/setPrimaryColor:</TokenIdentifier>
			<Abstract type="html">The primary color of the M13ProgressView.</Abstract>
			<DeclaredIn>M13ProgressHUD.h</DeclaredIn>
			
			<Declaration>@property (nonatomic, retain) UIColor *primaryColor</Declaration>
			
			
			<Anchor>//api/name/primaryColor</Anchor>
            <NodeRef refid="2"/>
		</Token>
		
		<Token>
			<TokenIdentifier>//apple_ref/occ/instm/M13ProgressHUD/primaryColor</TokenIdentifier>
			<Abstract type="html">The primary color of the M13ProgressView.</Abstract>
			<DeclaredIn>M13ProgressHUD.h</DeclaredIn>
			
			<Declaration>@property (nonatomic, retain) UIColor *primaryColor</Declaration>
			
			
			<Anchor>//api/name/primaryColor</Anchor>
            <NodeRef refid="2"/>
		</Token>
		
		<Token>
			<TokenIdentifier>//apple_ref/occ/instp/M13ProgressHUD/primaryColor</TokenIdentifier>
			<Abstract type="html">The primary color of the M13ProgressView.</Abstract>
			<DeclaredIn>M13ProgressHUD.h</DeclaredIn>
			
			<Declaration>@property (nonatomic, retain) UIColor *primaryColor</Declaration>
			
			
			<Anchor>//api/name/primaryColor</Anchor>
            <NodeRef refid="2"/>
		</Token>
		
		<Token>
			<TokenIdentifier>//apple_ref/occ/instm/M13ProgressHUD/setSecondaryColor:</TokenIdentifier>
			<Abstract type="html">The secondary color of the M13ProgressView.</Abstract>
			<DeclaredIn>M13ProgressHUD.h</DeclaredIn>
			
			<Declaration>@property (nonatomic, retain) UIColor *secondaryColor</Declaration>
			
			
			<Anchor>//api/name/secondaryColor</Anchor>
            <NodeRef refid="2"/>
		</Token>
		
		<Token>
			<TokenIdentifier>//apple_ref/occ/instm/M13ProgressHUD/secondaryColor</TokenIdentifier>
			<Abstract type="html">The secondary color of the M13ProgressView.</Abstract>
			<DeclaredIn>M13ProgressHUD.h</DeclaredIn>
			
			<Declaration>@property (nonatomic, retain) UIColor *secondaryColor</Declaration>
			
			
			<Anchor>//api/name/secondaryColor</Anchor>
            <NodeRef refid="2"/>
		</Token>
		
		<Token>
			<TokenIdentifier>//apple_ref/occ/instp/M13ProgressHUD/secondaryColor</TokenIdentifier>
			<Abstract type="html">The secondary color of the M13ProgressView.</Abstract>
			<DeclaredIn>M13ProgressHUD.h</DeclaredIn>
			
			<Declaration>@property (nonatomic, retain) UIColor *secondaryColor</Declaration>
			
			
			<Anchor>//api/name/secondaryColor</Anchor>
            <NodeRef refid="2"/>
		</Token>
		
		<Token>
			<TokenIdentifier>//apple_ref/occ/instm/M13ProgressHUD/setProgress:</TokenIdentifier>
			<Abstract type="html">The progress displayed to the user.</Abstract>
			<DeclaredIn>M13ProgressHUD.h</DeclaredIn>
			
			<Declaration>@property (nonatomic, readonly) CGFloat progress</Declaration>
			
			
			<Anchor>//api/name/progress</Anchor>
            <NodeRef refid="2"/>
		</Token>
		
		<Token>
			<TokenIdentifier>//apple_ref/occ/instm/M13ProgressHUD/progress</TokenIdentifier>
			<Abstract type="html">The progress displayed to the user.</Abstract>
			<DeclaredIn>M13ProgressHUD.h</DeclaredIn>
			
			<Declaration>@property (nonatomic, readonly) CGFloat progress</Declaration>
			
			
			<Anchor>//api/name/progress</Anchor>
            <NodeRef refid="2"/>
		</Token>
		
		<Token>
			<TokenIdentifier>//apple_ref/occ/instp/M13ProgressHUD/progress</TokenIdentifier>
			<Abstract type="html">The progress displayed to the user.</Abstract>
			<DeclaredIn>M13ProgressHUD.h</DeclaredIn>
			
			<Declaration>@property (nonatomic, readonly) CGFloat progress</Declaration>
			
			
			<Anchor>//api/name/progress</Anchor>
            <NodeRef refid="2"/>
		</Token>
		
		<Token>
			<TokenIdentifier>//apple_ref/occ/instm/M13ProgressHUD/setIndeterminate:</TokenIdentifier>
			<Abstract type="html">Wether or not the progress view is indeterminate.</Abstract>
			<DeclaredIn>M13ProgressHUD.h</DeclaredIn>
			
			<Declaration>@property (nonatomic, assign) BOOL indeterminate</Declaration>
			
			
			<Anchor>//api/name/indeterminate</Anchor>
            <NodeRef refid="2"/>
		</Token>
		
		<Token>
			<TokenIdentifier>//apple_ref/occ/instm/M13ProgressHUD/indeterminate</TokenIdentifier>
			<Abstract type="html">Wether or not the progress view is indeterminate.</Abstract>
			<DeclaredIn>M13ProgressHUD.h</DeclaredIn>
			
			<Declaration>@property (nonatomic, assign) BOOL indeterminate</Declaration>
			
			
			<Anchor>//api/name/indeterminate</Anchor>
            <NodeRef refid="2"/>
		</Token>
		
		<Token>
			<TokenIdentifier>//apple_ref/occ/instp/M13ProgressHUD/indeterminate</TokenIdentifier>
			<Abstract type="html">Wether or not the progress view is indeterminate.</Abstract>
			<DeclaredIn>M13ProgressHUD.h</DeclaredIn>
			
			<Declaration>@property (nonatomic, assign) BOOL indeterminate</Declaration>
			
			
			<Anchor>//api/name/indeterminate</Anchor>
            <NodeRef refid="2"/>
		</Token>
		
		<Token>
			<TokenIdentifier>//apple_ref/occ/instm/M13ProgressHUD/setApplyBlurToBackground:</TokenIdentifier>
			<Abstract type="html">Wether or not a iOS7 style blur is applied to the HUD.</Abstract>
			<DeclaredIn>M13ProgressHUD.h</DeclaredIn>
			
			<Declaration>@property (nonatomic, assign) BOOL applyBlurToBackground</Declaration>
			
			
			<Anchor>//api/name/applyBlurToBackground</Anchor>
            <NodeRef refid="2"/>
		</Token>
		
		<Token>
			<TokenIdentifier>//apple_ref/occ/instm/M13ProgressHUD/applyBlurToBackground</TokenIdentifier>
			<Abstract type="html">Wether or not a iOS7 style blur is applied to the HUD.</Abstract>
			<DeclaredIn>M13ProgressHUD.h</DeclaredIn>
			
			<Declaration>@property (nonatomic, assign) BOOL applyBlurToBackground</Declaration>
			
			
			<Anchor>//api/name/applyBlurToBackground</Anchor>
            <NodeRef refid="2"/>
		</Token>
		
		<Token>
			<TokenIdentifier>//apple_ref/occ/instp/M13ProgressHUD/applyBlurToBackground</TokenIdentifier>
			<Abstract type="html">Wether or not a iOS7 style blur is applied to the HUD.</Abstract>
			<DeclaredIn>M13ProgressHUD.h</DeclaredIn>
			
			<Declaration>@property (nonatomic, assign) BOOL applyBlurToBackground</Declaration>
			
			
			<Anchor>//api/name/applyBlurToBackground</Anchor>
            <NodeRef refid="2"/>
		</Token>
		
		<Token>
			<TokenIdentifier>//apple_ref/occ/instm/M13ProgressHUD/setHudBackgroundColor:</TokenIdentifier>
			<Abstract type="html">The color of the background.</Abstract>
			<DeclaredIn>M13ProgressHUD.h</DeclaredIn>
			
			<Declaration>@property (nonatomic, retain) UIColor *hudBackgroundColor</Declaration>
			
			
			<Anchor>//api/name/hudBackgroundColor</Anchor>
            <NodeRef refid="2"/>
		</Token>
		
		<Token>
			<TokenIdentifier>//apple_ref/occ/instm/M13ProgressHUD/hudBackgroundColor</TokenIdentifier>
			<Abstract type="html">The color of the background.</Abstract>
			<DeclaredIn>M13ProgressHUD.h</DeclaredIn>
			
			<Declaration>@property (nonatomic, retain) UIColor *hudBackgroundColor</Declaration>
			
			
			<Anchor>//api/name/hudBackgroundColor</Anchor>
            <NodeRef refid="2"/>
		</Token>
		
		<Token>
			<TokenIdentifier>//apple_ref/occ/instp/M13ProgressHUD/hudBackgroundColor</TokenIdentifier>
			<Abstract type="html">The color of the background.</Abstract>
			<DeclaredIn>M13ProgressHUD.h</DeclaredIn>
			
			<Declaration>@property (nonatomic, retain) UIColor *hudBackgroundColor</Declaration>
			
			
			<Anchor>//api/name/hudBackgroundColor</Anchor>
            <NodeRef refid="2"/>
		</Token>
		
		<Token>
			<TokenIdentifier>//apple_ref/occ/instm/M13ProgressHUD/setStatusPosition:</TokenIdentifier>
			<Abstract type="html">The location of the status label in comparison to the progress view.</Abstract>
			<DeclaredIn>M13ProgressHUD.h</DeclaredIn>
			
			<Declaration>@property (nonatomic, assign) M13ProgressHUDStatusPosition statusPosition</Declaration>
			
			
			<Anchor>//api/name/statusPosition</Anchor>
            <NodeRef refid="2"/>
		</Token>
		
		<Token>
			<TokenIdentifier>//apple_ref/occ/instm/M13ProgressHUD/statusPosition</TokenIdentifier>
			<Abstract type="html">The location of the status label in comparison to the progress view.</Abstract>
			<DeclaredIn>M13ProgressHUD.h</DeclaredIn>
			
			<Declaration>@property (nonatomic, assign) M13ProgressHUDStatusPosition statusPosition</Declaration>
			
			
			<Anchor>//api/name/statusPosition</Anchor>
            <NodeRef refid="2"/>
		</Token>
		
		<Token>
			<TokenIdentifier>//apple_ref/occ/instp/M13ProgressHUD/statusPosition</TokenIdentifier>
			<Abstract type="html">The location of the status label in comparison to the progress view.</Abstract>
			<DeclaredIn>M13ProgressHUD.h</DeclaredIn>
			
			<Declaration>@property (nonatomic, assign) M13ProgressHUDStatusPosition statusPosition</Declaration>
			
			
			<Anchor>//api/name/statusPosition</Anchor>
            <NodeRef refid="2"/>
		</Token>
		
		<Token>
			<TokenIdentifier>//apple_ref/occ/instm/M13ProgressHUD/setOffsetFromCenter:</TokenIdentifier>
			<Abstract type="html">The offset distance of the HUD from the center of its superview.</Abstract>
			<DeclaredIn>M13ProgressHUD.h</DeclaredIn>
			
			<Declaration>@property (nonatomic, assign) UIOffset offsetFromCenter</Declaration>
			
			
			<Anchor>//api/name/offsetFromCenter</Anchor>
            <NodeRef refid="2"/>
		</Token>
		
		<Token>
			<TokenIdentifier>//apple_ref/occ/instm/M13ProgressHUD/offsetFromCenter</TokenIdentifier>
			<Abstract type="html">The offset distance of the HUD from the center of its superview.</Abstract>
			<DeclaredIn>M13ProgressHUD.h</DeclaredIn>
			
			<Declaration>@property (nonatomic, assign) UIOffset offsetFromCenter</Declaration>
			
			
			<Anchor>//api/name/offsetFromCenter</Anchor>
            <NodeRef refid="2"/>
		</Token>
		
		<Token>
			<TokenIdentifier>//apple_ref/occ/instp/M13ProgressHUD/offsetFromCenter</TokenIdentifier>
			<Abstract type="html">The offset distance of the HUD from the center of its superview.</Abstract>
			<DeclaredIn>M13ProgressHUD.h</DeclaredIn>
			
			<Declaration>@property (nonatomic, assign) UIOffset offsetFromCenter</Declaration>
			
			
			<Anchor>//api/name/offsetFromCenter</Anchor>
            <NodeRef refid="2"/>
		</Token>
		
		<Token>
			<TokenIdentifier>//apple_ref/occ/instm/M13ProgressHUD/setContentMargin:</TokenIdentifier>
			<Abstract type="html">The margin between the edge of the HUD and it&apos;s progress view and status label.</Abstract>
			<DeclaredIn>M13ProgressHUD.h</DeclaredIn>
			
			<Declaration>@property (nonatomic, assign) CGFloat contentMargin</Declaration>
			
			
			<Anchor>//api/name/contentMargin</Anchor>
            <NodeRef refid="2"/>
		</Token>
		
		<Token>
			<TokenIdentifier>//apple_ref/occ/instm/M13ProgressHUD/contentMargin</TokenIdentifier>
			<Abstract type="html">The margin between the edge of the HUD and it&apos;s progress view and status label.</Abstract>
			<DeclaredIn>M13ProgressHUD.h</DeclaredIn>
			
			<Declaration>@property (nonatomic, assign) CGFloat contentMargin</Declaration>
			
			
			<Anchor>//api/name/contentMargin</Anchor>
            <NodeRef refid="2"/>
		</Token>
		
		<Token>
			<TokenIdentifier>//apple_ref/occ/instp/M13ProgressHUD/contentMargin</TokenIdentifier>
			<Abstract type="html">The margin between the edge of the HUD and it&apos;s progress view and status label.</Abstract>
			<DeclaredIn>M13ProgressHUD.h</DeclaredIn>
			
			<Declaration>@property (nonatomic, assign) CGFloat contentMargin</Declaration>
			
			
			<Anchor>//api/name/contentMargin</Anchor>
            <NodeRef refid="2"/>
		</Token>
		
		<Token>
			<TokenIdentifier>//apple_ref/occ/instm/M13ProgressHUD/setCornerRadius:</TokenIdentifier>
			<Abstract type="html">The corner radius of the HUD view.</Abstract>
			<DeclaredIn>M13ProgressHUD.h</DeclaredIn>
			
			<Declaration>@property (nonatomic, assign) CGFloat cornerRadius</Declaration>
			
			
			<Anchor>//api/name/cornerRadius</Anchor>
            <NodeRef refid="2"/>
		</Token>
		
		<Token>
			<TokenIdentifier>//apple_ref/occ/instm/M13ProgressHUD/cornerRadius</TokenIdentifier>
			<Abstract type="html">The corner radius of the HUD view.</Abstract>
			<DeclaredIn>M13ProgressHUD.h</DeclaredIn>
			
			<Declaration>@property (nonatomic, assign) CGFloat cornerRadius</Declaration>
			
			
			<Anchor>//api/name/cornerRadius</Anchor>
            <NodeRef refid="2"/>
		</Token>
		
		<Token>
			<TokenIdentifier>//apple_ref/occ/instp/M13ProgressHUD/cornerRadius</TokenIdentifier>
			<Abstract type="html">The corner radius of the HUD view.</Abstract>
			<DeclaredIn>M13ProgressHUD.h</DeclaredIn>
			
			<Declaration>@property (nonatomic, assign) CGFloat cornerRadius</Declaration>
			
			
			<Anchor>//api/name/cornerRadius</Anchor>
            <NodeRef refid="2"/>
		</Token>
		
		<Token>
			<TokenIdentifier>//apple_ref/occ/instm/M13ProgressHUD/setMaskType:</TokenIdentifier>
			<Abstract type="html">The type of mask the HUD displays over the view&apos;s content.</Abstract>
			<DeclaredIn>M13ProgressHUD.h</DeclaredIn>
			
			<Declaration>@property (nonatomic, assign) M13ProgressHUDMaskType maskType</Declaration>
			
			
			<Anchor>//api/name/maskType</Anchor>
            <NodeRef refid="2"/>
		</Token>
		
		<Token>
			<TokenIdentifier>//apple_ref/occ/instm/M13ProgressHUD/maskType</TokenIdentifier>
			<Abstract type="html">The type of mask the HUD displays over the view&apos;s content.</Abstract>
			<DeclaredIn>M13ProgressHUD.h</DeclaredIn>
			
			<Declaration>@property (nonatomic, assign) M13ProgressHUDMaskType maskType</Declaration>
			
			
			<Anchor>//api/name/maskType</Anchor>
            <NodeRef refid="2"/>
		</Token>
		
		<Token>
			<TokenIdentifier>//apple_ref/occ/instp/M13ProgressHUD/maskType</TokenIdentifier>
			<Abstract type="html">The type of mask the HUD displays over the view&apos;s content.</Abstract>
			<DeclaredIn>M13ProgressHUD.h</DeclaredIn>
			
			<Declaration>@property (nonatomic, assign) M13ProgressHUDMaskType maskType</Declaration>
			
			
			<Anchor>//api/name/maskType</Anchor>
            <NodeRef refid="2"/>
		</Token>
		
		<Token>
			<TokenIdentifier>//apple_ref/occ/instm/M13ProgressHUD/setMaskColor:</TokenIdentifier>
			<Abstract type="html">The color of the HUD mask if set to Solid Color or Gradient.</Abstract>
			<DeclaredIn>M13ProgressHUD.h</DeclaredIn>
			
			<Declaration>@property (nonatomic, retain) UIColor *maskColor</Declaration>
			
			
			<Anchor>//api/name/maskColor</Anchor>
            <NodeRef refid="2"/>
		</Token>
		
		<Token>
			<TokenIdentifier>//apple_ref/occ/instm/M13ProgressHUD/maskColor</TokenIdentifier>
			<Abstract type="html">The color of the HUD mask if set to Solid Color or Gradient.</Abstract>
			<DeclaredIn>M13ProgressHUD.h</DeclaredIn>
			
			<Declaration>@property (nonatomic, retain) UIColor *maskColor</Declaration>
			
			
			<Anchor>//api/name/maskColor</Anchor>
            <NodeRef refid="2"/>
		</Token>
		
		<Token>
			<TokenIdentifier>//apple_ref/occ/instp/M13ProgressHUD/maskColor</TokenIdentifier>
			<Abstract type="html">The color of the HUD mask if set to Solid Color or Gradient.</Abstract>
			<DeclaredIn>M13ProgressHUD.h</DeclaredIn>
			
			<Declaration>@property (nonatomic, retain) UIColor *maskColor</Declaration>
			
			
			<Anchor>//api/name/maskColor</Anchor>
            <NodeRef refid="2"/>
		</Token>
		
		<Token>
			<TokenIdentifier>//apple_ref/occ/instm/M13ProgressHUD/setStatusColor:</TokenIdentifier>
			<Abstract type="html">The color of the status text.</Abstract>
			<DeclaredIn>M13ProgressHUD.h</DeclaredIn>
			
			<Declaration>@property (nonatomic, retain) UIColor *statusColor</Declaration>
			
			
			<Anchor>//api/name/statusColor</Anchor>
            <NodeRef refid="2"/>
		</Token>
		
		<Token>
			<TokenIdentifier>//apple_ref/occ/instm/M13ProgressHUD/statusColor</TokenIdentifier>
			<Abstract type="html">The color of the status text.</Abstract>
			<DeclaredIn>M13ProgressHUD.h</DeclaredIn>
			
			<Declaration>@property (nonatomic, retain) UIColor *statusColor</Declaration>
			
			
			<Anchor>//api/name/statusColor</Anchor>
            <NodeRef refid="2"/>
		</Token>
		
		<Token>
			<TokenIdentifier>//apple_ref/occ/instp/M13ProgressHUD/statusColor</TokenIdentifier>
			<Abstract type="html">The color of the status text.</Abstract>
			<DeclaredIn>M13ProgressHUD.h</DeclaredIn>
			
			<Declaration>@property (nonatomic, retain) UIColor *statusColor</Declaration>
			
			
			<Anchor>//api/name/statusColor</Anchor>
            <NodeRef refid="2"/>
		</Token>
		
		<Token>
			<TokenIdentifier>//apple_ref/occ/instm/M13ProgressHUD/setStatusFont:</TokenIdentifier>
			<Abstract type="html">The font to display the status label with.</Abstract>
			<DeclaredIn>M13ProgressHUD.h</DeclaredIn>
			
			<Declaration>@property (nonatomic, retain) UIFont *statusFont</Declaration>
			
			
			<Anchor>//api/name/statusFont</Anchor>
            <NodeRef refid="2"/>
		</Token>
		
		<Token>
			<TokenIdentifier>//apple_ref/occ/instm/M13ProgressHUD/statusFont</TokenIdentifier>
			<Abstract type="html">The font to display the status label with.</Abstract>
			<DeclaredIn>M13ProgressHUD.h</DeclaredIn>
			
			<Declaration>@property (nonatomic, retain) UIFont *statusFont</Declaration>
			
			
			<Anchor>//api/name/statusFont</Anchor>
            <NodeRef refid="2"/>
		</Token>
		
		<Token>
			<TokenIdentifier>//apple_ref/occ/instp/M13ProgressHUD/statusFont</TokenIdentifier>
			<Abstract type="html">The font to display the status label with.</Abstract>
			<DeclaredIn>M13ProgressHUD.h</DeclaredIn>
			
			<Declaration>@property (nonatomic, retain) UIFont *statusFont</Declaration>
			
			
			<Anchor>//api/name/statusFont</Anchor>
            <NodeRef refid="2"/>
		</Token>
		
		<Token>
			<TokenIdentifier>//apple_ref/occ/instm/M13ProgressHUD/setProgressViewSize:</TokenIdentifier>
			<Abstract type="html">The size of the progress view.</Abstract>
			<DeclaredIn>M13ProgressHUD.h</DeclaredIn>
			
			<Declaration>@property (nonatomic, assign) CGSize progressViewSize</Declaration>
			
			
			<Anchor>//api/name/progressViewSize</Anchor>
            <NodeRef refid="2"/>
		</Token>
		
		<Token>
			<TokenIdentifier>//apple_ref/occ/instm/M13ProgressHUD/progressViewSize</TokenIdentifier>
			<Abstract type="html">The size of the progress view.</Abstract>
			<DeclaredIn>M13ProgressHUD.h</DeclaredIn>
			
			<Declaration>@property (nonatomic, assign) CGSize progressViewSize</Declaration>
			
			
			<Anchor>//api/name/progressViewSize</Anchor>
            <NodeRef refid="2"/>
		</Token>
		
		<Token>
			<TokenIdentifier>//apple_ref/occ/instp/M13ProgressHUD/progressViewSize</TokenIdentifier>
			<Abstract type="html">The size of the progress view.</Abstract>
			<DeclaredIn>M13ProgressHUD.h</DeclaredIn>
			
			<Declaration>@property (nonatomic, assign) CGSize progressViewSize</Declaration>
			
			
			<Anchor>//api/name/progressViewSize</Anchor>
            <NodeRef refid="2"/>
		</Token>
		
		<Token>
			<TokenIdentifier>//apple_ref/occ/instm/M13ProgressHUD/setAnimationPoint:</TokenIdentifier>
			<Abstract type="html">The origin of the show/hide animation. show: will animate from this point, and hide: will animate to this point.</Abstract>
			<DeclaredIn>M13ProgressHUD.h</DeclaredIn>
			
			<Declaration>@property (nonatomic, assign) CGPoint animationPoint</Declaration>
			
			
			<Anchor>//api/name/animationPoint</Anchor>
            <NodeRef refid="2"/>
		</Token>
		
		<Token>
			<TokenIdentifier>//apple_ref/occ/instm/M13ProgressHUD/animationPoint</TokenIdentifier>
			<Abstract type="html">The origin of the show/hide animation. show: will animate from this point, and hide: will animate to this point.</Abstract>
			<DeclaredIn>M13ProgressHUD.h</DeclaredIn>
			
			<Declaration>@property (nonatomic, assign) CGPoint animationPoint</Declaration>
			
			
			<Anchor>//api/name/animationPoint</Anchor>
            <NodeRef refid="2"/>
		</Token>
		
		<Token>
			<TokenIdentifier>//apple_ref/occ/instp/M13ProgressHUD/animationPoint</TokenIdentifier>
			<Abstract type="html">The origin of the show/hide animation. show: will animate from this point, and hide: will animate to this point.</Abstract>
			<DeclaredIn>M13ProgressHUD.h</DeclaredIn>
			
			<Declaration>@property (nonatomic, assign) CGPoint animationPoint</Declaration>
			
			
			<Anchor>//api/name/animationPoint</Anchor>
            <NodeRef refid="2"/>
		</Token>
		
		<Token>
			<TokenIdentifier>//apple_ref/occ/instm/M13ProgressHUD/setAnimationDuration:</TokenIdentifier>
			<Abstract type="html">The durations of animations in seconds.</Abstract>
			<DeclaredIn>M13ProgressHUD.h</DeclaredIn>
			
			<Declaration>@property (nonatomic, assign) CGFloat animationDuration</Declaration>
			
			
			<Anchor>//api/name/animationDuration</Anchor>
            <NodeRef refid="2"/>
		</Token>
		
		<Token>
			<TokenIdentifier>//apple_ref/occ/instm/M13ProgressHUD/animationDuration</TokenIdentifier>
			<Abstract type="html">The durations of animations in seconds.</Abstract>
			<DeclaredIn>M13ProgressHUD.h</DeclaredIn>
			
			<Declaration>@property (nonatomic, assign) CGFloat animationDuration</Declaration>
			
			
			<Anchor>//api/name/animationDuration</Anchor>
            <NodeRef refid="2"/>
		</Token>
		
		<Token>
			<TokenIdentifier>//apple_ref/occ/instp/M13ProgressHUD/animationDuration</TokenIdentifier>
			<Abstract type="html">The durations of animations in seconds.</Abstract>
			<DeclaredIn>M13ProgressHUD.h</DeclaredIn>
			
			<Declaration>@property (nonatomic, assign) CGFloat animationDuration</Declaration>
			
			
			<Anchor>//api/name/animationDuration</Anchor>
            <NodeRef refid="2"/>
		</Token>
		
		<Token>
			<TokenIdentifier>//apple_ref/occ/instm/M13ProgressHUD/setStatus:</TokenIdentifier>
			<Abstract type="html">The text displayed in the HUD to provide more information to the user.</Abstract>
			<DeclaredIn>M13ProgressHUD.h</DeclaredIn>
			
			<Declaration>@property (nonatomic, retain) NSString *status</Declaration>
			
			
			<Anchor>//api/name/status</Anchor>
            <NodeRef refid="2"/>
		</Token>
		
		<Token>
			<TokenIdentifier>//apple_ref/occ/instm/M13ProgressHUD/status</TokenIdentifier>
			<Abstract type="html">The text displayed in the HUD to provide more information to the user.</Abstract>
			<DeclaredIn>M13ProgressHUD.h</DeclaredIn>
			
			<Declaration>@property (nonatomic, retain) NSString *status</Declaration>
			
			
			<Anchor>//api/name/status</Anchor>
            <NodeRef refid="2"/>
		</Token>
		
		<Token>
			<TokenIdentifier>//apple_ref/occ/instp/M13ProgressHUD/status</TokenIdentifier>
			<Abstract type="html">The text displayed in the HUD to provide more information to the user.</Abstract>
			<DeclaredIn>M13ProgressHUD.h</DeclaredIn>
			
			<Declaration>@property (nonatomic, retain) NSString *status</Declaration>
			
			
			<Anchor>//api/name/status</Anchor>
            <NodeRef refid="2"/>
		</Token>
		
		<Token>
			<TokenIdentifier>//apple_ref/occ/instm/M13ProgressHUD/setMinimumSize:</TokenIdentifier>
			<Abstract type="html">Minimum size of the HUD.</Abstract>
			<DeclaredIn>M13ProgressHUD.h</DeclaredIn>
			
			<Declaration>@property (nonatomic, assign) CGSize minimumSize</Declaration>
			
			
			<Anchor>//api/name/minimumSize</Anchor>
            <NodeRef refid="2"/>
		</Token>
		
		<Token>
			<TokenIdentifier>//apple_ref/occ/instm/M13ProgressHUD/minimumSize</TokenIdentifier>
			<Abstract type="html">Minimum size of the HUD.</Abstract>
			<DeclaredIn>M13ProgressHUD.h</DeclaredIn>
			
			<Declaration>@property (nonatomic, assign) CGSize minimumSize</Declaration>
			
			
			<Anchor>//api/name/minimumSize</Anchor>
            <NodeRef refid="2"/>
		</Token>
		
		<Token>
			<TokenIdentifier>//apple_ref/occ/instp/M13ProgressHUD/minimumSize</TokenIdentifier>
			<Abstract type="html">Minimum size of the HUD.</Abstract>
			<DeclaredIn>M13ProgressHUD.h</DeclaredIn>
			
			<Declaration>@property (nonatomic, assign) CGSize minimumSize</Declaration>
			
			
			<Anchor>//api/name/minimumSize</Anchor>
            <NodeRef refid="2"/>
		</Token>
		
		<Token>
			<TokenIdentifier>//apple_ref/occ/instm/M13ProgressHUD/setDismissAfterAction:</TokenIdentifier>
			<Abstract type="html">Wether or not to dismiss automatically after an action is performed.</Abstract>
			<DeclaredIn>M13ProgressHUD.h</DeclaredIn>
			
			<Declaration>@property (nonatomic, assign) BOOL dismissAfterAction</Declaration>
			
			
			<Anchor>//api/name/dismissAfterAction</Anchor>
            <NodeRef refid="2"/>
		</Token>
		
		<Token>
			<TokenIdentifier>//apple_ref/occ/instm/M13ProgressHUD/dismissAfterAction</TokenIdentifier>
			<Abstract type="html">Wether or not to dismiss automatically after an action is performed.</Abstract>
			<DeclaredIn>M13ProgressHUD.h</DeclaredIn>
			
			<Declaration>@property (nonatomic, assign) BOOL dismissAfterAction</Declaration>
			
			
			<Anchor>//api/name/dismissAfterAction</Anchor>
            <NodeRef refid="2"/>
		</Token>
		
		<Token>
			<TokenIdentifier>//apple_ref/occ/instp/M13ProgressHUD/dismissAfterAction</TokenIdentifier>
			<Abstract type="html">Wether or not to dismiss automatically after an action is performed.</Abstract>
			<DeclaredIn>M13ProgressHUD.h</DeclaredIn>
			
			<Declaration>@property (nonatomic, assign) BOOL dismissAfterAction</Declaration>
			
			
			<Anchor>//api/name/dismissAfterAction</Anchor>
            <NodeRef refid="2"/>
		</Token>
		
		<Token>
			<TokenIdentifier>//apple_ref/occ/instm/M13ProgressHUD/isVisible</TokenIdentifier>
			<Abstract type="html">Wether or not the HUD is currenty visible.</Abstract>
			<DeclaredIn>M13ProgressHUD.h</DeclaredIn>
			
			<Declaration>- (BOOL)isVisible</Declaration>
			
			
			<Anchor>//api/name/isVisible</Anchor>
            <NodeRef refid="2"/>
		</Token>
		
		<Token>
			<TokenIdentifier>//apple_ref/occ/instm/M13ProgressHUD/setShouldAutorotate:</TokenIdentifier>
			<Abstract type="html">Wether or not the HUD will auto rotate to the device orientation.</Abstract>
			<DeclaredIn>M13ProgressHUD.h</DeclaredIn>
			
			<Declaration>@property (nonatomic, assign) BOOL shouldAutorotate</Declaration>
			
			
			<Anchor>//api/name/shouldAutorotate</Anchor>
            <NodeRef refid="2"/>
		</Token>
		
		<Token>
			<TokenIdentifier>//apple_ref/occ/instm/M13ProgressHUD/shouldAutorotate</TokenIdentifier>
			<Abstract type="html">Wether or not the HUD will auto rotate to the device orientation.</Abstract>
			<DeclaredIn>M13ProgressHUD.h</DeclaredIn>
			
			<Declaration>@property (nonatomic, assign) BOOL shouldAutorotate</Declaration>
			
			
			<Anchor>//api/name/shouldAutorotate</Anchor>
            <NodeRef refid="2"/>
		</Token>
		
		<Token>
			<TokenIdentifier>//apple_ref/occ/instp/M13ProgressHUD/shouldAutorotate</TokenIdentifier>
			<Abstract type="html">Wether or not the HUD will auto rotate to the device orientation.</Abstract>
			<DeclaredIn>M13ProgressHUD.h</DeclaredIn>
			
			<Declaration>@property (nonatomic, assign) BOOL shouldAutorotate</Declaration>
			
			
			<Anchor>//api/name/shouldAutorotate</Anchor>
            <NodeRef refid="2"/>
		</Token>
		
		<Token>
			<TokenIdentifier>//apple_ref/occ/instm/M13ProgressHUD/setOrientation:</TokenIdentifier>
			<Abstract type="html">The orientation of the HUD.</Abstract>
			<DeclaredIn>M13ProgressHUD.h</DeclaredIn>
			
			<Declaration>@property (nonatomic, assign) UIInterfaceOrientation orientation</Declaration>
			
			
			<Anchor>//api/name/orientation</Anchor>
            <NodeRef refid="2"/>
		</Token>
		
		<Token>
			<TokenIdentifier>//apple_ref/occ/instm/M13ProgressHUD/orientation</TokenIdentifier>
			<Abstract type="html">The orientation of the HUD.</Abstract>
			<DeclaredIn>M13ProgressHUD.h</DeclaredIn>
			
			<Declaration>@property (nonatomic, assign) UIInterfaceOrientation orientation</Declaration>
			
			
			<Anchor>//api/name/orientation</Anchor>
            <NodeRef refid="2"/>
		</Token>
		
		<Token>
			<TokenIdentifier>//apple_ref/occ/instp/M13ProgressHUD/orientation</TokenIdentifier>
			<Abstract type="html">The orientation of the HUD.</Abstract>
			<DeclaredIn>M13ProgressHUD.h</DeclaredIn>
			
			<Declaration>@property (nonatomic, assign) UIInterfaceOrientation orientation</Declaration>
			
			
			<Anchor>//api/name/orientation</Anchor>
            <NodeRef refid="2"/>
		</Token>
		
		<Token>
			<TokenIdentifier>//apple_ref/occ/instm/M13ProgressHUD/setProgress:animated:</TokenIdentifier>
			<Abstract type="html">Set the progress of the M13ProgressView.</Abstract>
			<DeclaredIn>M13ProgressHUD.h</DeclaredIn>
			
			<Declaration>- (void)setProgress:(CGFloat)progress animated:(BOOL)animated</Declaration>
			<Parameters>
				<Parameter>
					<Name>progress</Name>
					<Abstract type="html">The progress to show on the progress view.</Abstract>
				</Parameter><Parameter>
					<Name>animated</Name>
					<Abstract type="html">Wether or not to animate the progress change.</Abstract>
				</Parameter>
			</Parameters>
			
			<Anchor>//api/name/setProgress:animated:</Anchor>
            <NodeRef refid="2"/>
		</Token>
		
		<Token>
			<TokenIdentifier>//apple_ref/occ/instm/M13ProgressHUD/performAction:animated:</TokenIdentifier>
			<Abstract type="html">Perform the given action if defined. Usually showing success or failure.</Abstract>
			<DeclaredIn>M13ProgressHUD.h</DeclaredIn>
			
			<Declaration>- (void)performAction:(M13ProgressViewAction)action animated:(BOOL)animated</Declaration>
			<Parameters>
				<Parameter>
					<Name>action</Name>
					<Abstract type="html">The action to perform.</Abstract>
				</Parameter><Parameter>
					<Name>animated</Name>
					<Abstract type="html">Wether or not to animate the change</Abstract>
				</Parameter>
			</Parameters>
			
			<Anchor>//api/name/performAction:animated:</Anchor>
            <NodeRef refid="2"/>
		</Token>
		
		<Token>
			<TokenIdentifier>//apple_ref/occ/instm/M13ProgressHUD/show:</TokenIdentifier>
			<Abstract type="html">Show the progress HUD.</Abstract>
			<DeclaredIn>M13ProgressHUD.h</DeclaredIn>
			
			<Declaration>- (void)show:(BOOL)animated</Declaration>
			<Parameters>
				<Parameter>
					<Name>animated</Name>
					<Abstract type="html">Wether or not to animate the change</Abstract>
				</Parameter>
			</Parameters>
			
			<Anchor>//api/name/show:</Anchor>
            <NodeRef refid="2"/>
		</Token>
		
		<Token>
			<TokenIdentifier>//apple_ref/occ/instm/M13ProgressHUD/hide:</TokenIdentifier>
			<Abstract type="html">Hide the progress HUD.</Abstract>
			<DeclaredIn>M13ProgressHUD.h</DeclaredIn>
			
			<Declaration>- (void)hide:(BOOL)animated</Declaration>
			<Parameters>
				<Parameter>
					<Name>animated</Name>
					<Abstract type="html">Wether or not to animate the change</Abstract>
				</Parameter>
			</Parameters>
			
			<Anchor>//api/name/hide:</Anchor>
            <NodeRef refid="2"/>
		</Token>
		
		<Token>
			<TokenIdentifier>//apple_ref/occ/instm/M13ProgressHUD/dismiss:</TokenIdentifier>
			<Abstract type="html">Dismiss the progress HUD and remove it from its superview.</Abstract>
			<DeclaredIn>M13ProgressHUD.h</DeclaredIn>
			
			<Declaration>- (void)dismiss:(BOOL)animated</Declaration>
			<Parameters>
				<Parameter>
					<Name>animated</Name>
					<Abstract type="html">Wether or not to animate the change</Abstract>
				</Parameter>
			</Parameters>
			
			<Anchor>//api/name/dismiss:</Anchor>
            <NodeRef refid="2"/>
		</Token>
		
        
	</File>
</Tokens>