<?xml version="1.0" encoding="UTF-8"?>
<Tokens version="1.0">
	<File path="Classes/M13ProgressViewPie.html">
		
		<Token>
			<TokenIdentifier>//apple_ref/occ/cl/M13ProgressViewPie</TokenIdentifier>
			<Abstract type="html">A progress view that shows progress with a pie chart.</Abstract>
			<DeclaredIn>M13ProgressViewPie.h</DeclaredIn>
            
			
			<NodeRef refid="12"/>
		</Token>
		
		
		<Token>
			<TokenIdentifier>//apple_ref/occ/instm/M13ProgressViewPie/setBackgroundRingWidth:</TokenIdentifier>
			<Abstract type="html">The thickness of the border around the pie.</Abstract>
			<DeclaredIn>M13ProgressViewPie.h</DeclaredIn>
			
			<Declaration>@property (nonatomic, assign) CGFloat backgroundRingWidth</Declaration>
			
			
			<Anchor>//api/name/backgroundRingWidth</Anchor>
            <NodeRef refid="12"/>
		</Token>
		
		<Token>
			<TokenIdentifier>//apple_ref/occ/instm/M13ProgressViewPie/backgroundRingWidth</TokenIdentifier>
			<Abstract type="html">The thickness of the border around the pie.</Abstract>
			<DeclaredIn>M13ProgressViewPie.h</DeclaredIn>
			
			<Declaration>@property (nonatomic, assign) CGFloat backgroundRingWidth</Declaration>
			
			
			<Anchor>//api/name/backgroundRingWidth</Anchor>
            <NodeRef refid="12"/>
		</Token>
		
		<Token>
			<TokenIdentifier>//apple_ref/occ/instp/M13ProgressViewPie/backgroundRingWidth</TokenIdentifier>
			<Abstract type="html">The thickness of the border around the pie.</Abstract>
			<DeclaredIn>M13ProgressViewPie.h</DeclaredIn>
			
			<Declaration>@property (nonatomic, assign) CGFloat backgroundRingWidth</Declaration>
			
			
			<Anchor>//api/name/backgroundRingWidth</Anchor>
            <NodeRef refid="12"/>
		</Token>
		
		<Token>
			<TokenIdentifier>//apple_ref/occ/instm/M13ProgressViewPie/setPrimaryColor:</TokenIdentifier>
			<Abstract type="html">The primary color of the M13ProgressView.</Abstract>
			<DeclaredIn>M13ProgressViewPie.m</DeclaredIn>
			
			<Declaration>- (void)setPrimaryColor:(UIColor *)primaryColor</Declaration>
			
			
			<Anchor>//api/name/setPrimaryColor:</Anchor>
            <NodeRef refid="12"/>
		</Token>
		
		<Token>
			<TokenIdentifier>//apple_ref/occ/instm/M13ProgressViewPie/setSecondaryColor:</TokenIdentifier>
			<Abstract type="html">The secondary color of the M13ProgressView.</Abstract>
			<DeclaredIn>M13ProgressViewPie.m</DeclaredIn>
			
			<Declaration>- (void)setSecondaryColor:(UIColor *)secondaryColor</Declaration>
			
			
			<Anchor>//api/name/setSecondaryColor:</Anchor>
            <NodeRef refid="12"/>
		</Token>
		
		<Token>
			<TokenIdentifier>//apple_ref/occ/instm/M13ProgressViewPie/setProgress:animated:</TokenIdentifier>
			<Abstract type="html">Set the progress of the M13ProgressView.</Abstract>
			<DeclaredIn>M13ProgressViewPie.m</DeclaredIn>
			
			<Declaration>- (void)setProgress:(CGFloat)progress animated:(BOOL)animated</Declaration>
			<Parameters>
				<Parameter>
					<Name>progress</Name>
					<Abstract type="html">The progress to show on the progress view.</Abstract>
				</Parameter><Parameter>
					<Name>animated</Name>
					<Abstract type="html">Wether or not to animate the progress change.</Abstract>
				</Parameter>
			</Parameters>
			
			<Anchor>//api/name/setProgress:animated:</Anchor>
            <NodeRef refid="12"/>
		</Token>
		
		<Token>
			<TokenIdentifier>//apple_ref/occ/instm/M13ProgressViewPie/performAction:animated:</TokenIdentifier>
			<Abstract type="html">Perform the given action if defined. Usually showing success or failure.</Abstract>
			<DeclaredIn>M13ProgressViewPie.m</DeclaredIn>
			
			<Declaration>- (void)performAction:(M13ProgressViewAction)action animated:(BOOL)animated</Declaration>
			<Parameters>
				<Parameter>
					<Name>action</Name>
					<Abstract type="html">The action to perform.</Abstract>
				</Parameter><Parameter>
					<Name>animated</Name>
					<Abstract type="html">Wether or not to animate the change</Abstract>
				</Parameter>
			</Parameters>
			
			<Anchor>//api/name/performAction:animated:</Anchor>
            <NodeRef refid="12"/>
		</Token>
		
		<Token>
			<TokenIdentifier>//apple_ref/occ/instm/M13ProgressViewPie/setIndeterminate:</TokenIdentifier>
			<Abstract type="html">Wether or not the progress view is indeterminate.</Abstract>
			<DeclaredIn>M13ProgressViewPie.m</DeclaredIn>
			
			<Declaration>- (void)setIndeterminate:(BOOL)indeterminate</Declaration>
			
			
			<Anchor>//api/name/setIndeterminate:</Anchor>
            <NodeRef refid="12"/>
		</Token>
		
		<Token>
			<TokenIdentifier>//apple_ref/occ/instm/M13ProgressViewPie/setAnimationFromValue:</TokenIdentifier>
			<Abstract type="html">The start progress for the progress animation.</Abstract>
			<DeclaredIn>M13ProgressViewPie.m</DeclaredIn>
			
			<Declaration>@property (nonatomic, assign) CGFloat animationFromValue</Declaration>
			
			
			<Anchor>//api/name/animationFromValue</Anchor>
            <NodeRef refid="12"/>
		</Token>
		
		<Token>
			<TokenIdentifier>//apple_ref/occ/instm/M13ProgressViewPie/animationFromValue</TokenIdentifier>
			<Abstract type="html">The start progress for the progress animation.</Abstract>
			<DeclaredIn>M13ProgressViewPie.m</DeclaredIn>
			
			<Declaration>@property (nonatomic, assign) CGFloat animationFromValue</Declaration>
			
			
			<Anchor>//api/name/animationFromValue</Anchor>
            <NodeRef refid="12"/>
		</Token>
		
		<Token>
			<TokenIdentifier>//apple_ref/occ/instp/M13ProgressViewPie/animationFromValue</TokenIdentifier>
			<Abstract type="html">The start progress for the progress animation.</Abstract>
			<DeclaredIn>M13ProgressViewPie.m</DeclaredIn>
			
			<Declaration>@property (nonatomic, assign) CGFloat animationFromValue</Declaration>
			
			
			<Anchor>//api/name/animationFromValue</Anchor>
            <NodeRef refid="12"/>
		</Token>
		
		<Token>
			<TokenIdentifier>//apple_ref/occ/instm/M13ProgressViewPie/setAnimationToValue:</TokenIdentifier>
			<Abstract type="html">The end progress for the progress animation.</Abstract>
			<DeclaredIn>M13ProgressViewPie.m</DeclaredIn>
			
			<Declaration>@property (nonatomic, assign) CGFloat animationToValue</Declaration>
			
			
			<Anchor>//api/name/animationToValue</Anchor>
            <NodeRef refid="12"/>
		</Token>
		
		<Token>
			<TokenIdentifier>//apple_ref/occ/instm/M13ProgressViewPie/animationToValue</TokenIdentifier>
			<Abstract type="html">The end progress for the progress animation.</Abstract>
			<DeclaredIn>M13ProgressViewPie.m</DeclaredIn>
			
			<Declaration>@property (nonatomic, assign) CGFloat animationToValue</Declaration>
			
			
			<Anchor>//api/name/animationToValue</Anchor>
            <NodeRef refid="12"/>
		</Token>
		
		<Token>
			<TokenIdentifier>//apple_ref/occ/instp/M13ProgressViewPie/animationToValue</TokenIdentifier>
			<Abstract type="html">The end progress for the progress animation.</Abstract>
			<DeclaredIn>M13ProgressViewPie.m</DeclaredIn>
			
			<Declaration>@property (nonatomic, assign) CGFloat animationToValue</Declaration>
			
			
			<Anchor>//api/name/animationToValue</Anchor>
            <NodeRef refid="12"/>
		</Token>
		
		<Token>
			<TokenIdentifier>//apple_ref/occ/instm/M13ProgressViewPie/setAnimationStartTime:</TokenIdentifier>
			<Abstract type="html">The start time interval for the animaiton.</Abstract>
			<DeclaredIn>M13ProgressViewPie.m</DeclaredIn>
			
			<Declaration>@property (nonatomic, assign) CFTimeInterval animationStartTime</Declaration>
			
			
			<Anchor>//api/name/animationStartTime</Anchor>
            <NodeRef refid="12"/>
		</Token>
		
		<Token>
			<TokenIdentifier>//apple_ref/occ/instm/M13ProgressViewPie/animationStartTime</TokenIdentifier>
			<Abstract type="html">The start time interval for the animaiton.</Abstract>
			<DeclaredIn>M13ProgressViewPie.m</DeclaredIn>
			
			<Declaration>@property (nonatomic, assign) CFTimeInterval animationStartTime</Declaration>
			
			
			<Anchor>//api/name/animationStartTime</Anchor>
            <NodeRef refid="12"/>
		</Token>
		
		<Token>
			<TokenIdentifier>//apple_ref/occ/instp/M13ProgressViewPie/animationStartTime</TokenIdentifier>
			<Abstract type="html">The start time interval for the animaiton.</Abstract>
			<DeclaredIn>M13ProgressViewPie.m</DeclaredIn>
			
			<Declaration>@property (nonatomic, assign) CFTimeInterval animationStartTime</Declaration>
			
			
			<Anchor>//api/name/animationStartTime</Anchor>
            <NodeRef refid="12"/>
		</Token>
		
		<Token>
			<TokenIdentifier>//apple_ref/occ/instm/M13ProgressViewPie/setDisplayLink:</TokenIdentifier>
			<Abstract type="html">Link to the display to keep animations in sync.</Abstract>
			<DeclaredIn>M13ProgressViewPie.m</DeclaredIn>
			
			<Declaration>@property (nonatomic, strong) CADisplayLink *displayLink</Declaration>
			
			
			<Anchor>//api/name/displayLink</Anchor>
            <NodeRef refid="12"/>
		</Token>
		
		<Token>
			<TokenIdentifier>//apple_ref/occ/instm/M13ProgressViewPie/displayLink</TokenIdentifier>
			<Abstract type="html">Link to the display to keep animations in sync.</Abstract>
			<DeclaredIn>M13ProgressViewPie.m</DeclaredIn>
			
			<Declaration>@property (nonatomic, strong) CADisplayLink *displayLink</Declaration>
			
			
			<Anchor>//api/name/displayLink</Anchor>
            <NodeRef refid="12"/>
		</Token>
		
		<Token>
			<TokenIdentifier>//apple_ref/occ/instp/M13ProgressViewPie/displayLink</TokenIdentifier>
			<Abstract type="html">Link to the display to keep animations in sync.</Abstract>
			<DeclaredIn>M13ProgressViewPie.m</DeclaredIn>
			
			<Declaration>@property (nonatomic, strong) CADisplayLink *displayLink</Declaration>
			
			
			<Anchor>//api/name/displayLink</Anchor>
            <NodeRef refid="12"/>
		</Token>
		
		<Token>
			<TokenIdentifier>//apple_ref/occ/instm/M13ProgressViewPie/setProgress:</TokenIdentifier>
			<Abstract type="html">Allow us to write to the progress.</Abstract>
			<DeclaredIn>M13ProgressViewPie.m</DeclaredIn>
			
			<Declaration>@property (nonatomic, readwrite) CGFloat progress</Declaration>
			
			
			<Anchor>//api/name/progress</Anchor>
            <NodeRef refid="12"/>
		</Token>
		
		<Token>
			<TokenIdentifier>//apple_ref/occ/instm/M13ProgressViewPie/progress</TokenIdentifier>
			<Abstract type="html">Allow us to write to the progress.</Abstract>
			<DeclaredIn>M13ProgressViewPie.m</DeclaredIn>
			
			<Declaration>@property (nonatomic, readwrite) CGFloat progress</Declaration>
			
			
			<Anchor>//api/name/progress</Anchor>
            <NodeRef refid="12"/>
		</Token>
		
		<Token>
			<TokenIdentifier>//apple_ref/occ/instp/M13ProgressViewPie/progress</TokenIdentifier>
			<Abstract type="html">Allow us to write to the progress.</Abstract>
			<DeclaredIn>M13ProgressViewPie.m</DeclaredIn>
			
			<Declaration>@property (nonatomic, readwrite) CGFloat progress</Declaration>
			
			
			<Anchor>//api/name/progress</Anchor>
            <NodeRef refid="12"/>
		</Token>
		
		<Token>
			<TokenIdentifier>//apple_ref/occ/instm/M13ProgressViewPie/setProgressLayer:</TokenIdentifier>
			<Abstract type="html">The layer that progress is shown on.</Abstract>
			<DeclaredIn>M13ProgressViewPie.m</DeclaredIn>
			
			<Declaration>@property (nonatomic, retain) CAShapeLayer *progressLayer</Declaration>
			
			
			<Anchor>//api/name/progressLayer</Anchor>
            <NodeRef refid="12"/>
		</Token>
		
		<Token>
			<TokenIdentifier>//apple_ref/occ/instm/M13ProgressViewPie/progressLayer</TokenIdentifier>
			<Abstract type="html">The layer that progress is shown on.</Abstract>
			<DeclaredIn>M13ProgressViewPie.m</DeclaredIn>
			
			<Declaration>@property (nonatomic, retain) CAShapeLayer *progressLayer</Declaration>
			
			
			<Anchor>//api/name/progressLayer</Anchor>
            <NodeRef refid="12"/>
		</Token>
		
		<Token>
			<TokenIdentifier>//apple_ref/occ/instp/M13ProgressViewPie/progressLayer</TokenIdentifier>
			<Abstract type="html">The layer that progress is shown on.</Abstract>
			<DeclaredIn>M13ProgressViewPie.m</DeclaredIn>
			
			<Declaration>@property (nonatomic, retain) CAShapeLayer *progressLayer</Declaration>
			
			
			<Anchor>//api/name/progressLayer</Anchor>
            <NodeRef refid="12"/>
		</Token>
		
		<Token>
			<TokenIdentifier>//apple_ref/occ/instm/M13ProgressViewPie/setBackgroundLayer:</TokenIdentifier>
			<Abstract type="html">The layer that the background and indeterminate progress is shown on.</Abstract>
			<DeclaredIn>M13ProgressViewPie.m</DeclaredIn>
			
			<Declaration>@property (nonatomic, retain) CAShapeLayer *backgroundLayer</Declaration>
			
			
			<Anchor>//api/name/backgroundLayer</Anchor>
            <NodeRef refid="12"/>
		</Token>
		
		<Token>
			<TokenIdentifier>//apple_ref/occ/instm/M13ProgressViewPie/backgroundLayer</TokenIdentifier>
			<Abstract type="html">The layer that the background and indeterminate progress is shown on.</Abstract>
			<DeclaredIn>M13ProgressViewPie.m</DeclaredIn>
			
			<Declaration>@property (nonatomic, retain) CAShapeLayer *backgroundLayer</Declaration>
			
			
			<Anchor>//api/name/backgroundLayer</Anchor>
            <NodeRef refid="12"/>
		</Token>
		
		<Token>
			<TokenIdentifier>//apple_ref/occ/instp/M13ProgressViewPie/backgroundLayer</TokenIdentifier>
			<Abstract type="html">The layer that the background and indeterminate progress is shown on.</Abstract>
			<DeclaredIn>M13ProgressViewPie.m</DeclaredIn>
			
			<Declaration>@property (nonatomic, retain) CAShapeLayer *backgroundLayer</Declaration>
			
			
			<Anchor>//api/name/backgroundLayer</Anchor>
            <NodeRef refid="12"/>
		</Token>
		
		<Token>
			<TokenIdentifier>//apple_ref/occ/instm/M13ProgressViewPie/setIconLayer:</TokenIdentifier>
			<Abstract type="html">The layer that is used to render icons for success or failure.</Abstract>
			<DeclaredIn>M13ProgressViewPie.m</DeclaredIn>
			
			<Declaration>@property (nonatomic, retain) CAShapeLayer *iconLayer</Declaration>
			
			
			<Anchor>//api/name/iconLayer</Anchor>
            <NodeRef refid="12"/>
		</Token>
		
		<Token>
			<TokenIdentifier>//apple_ref/occ/instm/M13ProgressViewPie/iconLayer</TokenIdentifier>
			<Abstract type="html">The layer that is used to render icons for success or failure.</Abstract>
			<DeclaredIn>M13ProgressViewPie.m</DeclaredIn>
			
			<Declaration>@property (nonatomic, retain) CAShapeLayer *iconLayer</Declaration>
			
			
			<Anchor>//api/name/iconLayer</Anchor>
            <NodeRef refid="12"/>
		</Token>
		
		<Token>
			<TokenIdentifier>//apple_ref/occ/instp/M13ProgressViewPie/iconLayer</TokenIdentifier>
			<Abstract type="html">The layer that is used to render icons for success or failure.</Abstract>
			<DeclaredIn>M13ProgressViewPie.m</DeclaredIn>
			
			<Declaration>@property (nonatomic, retain) CAShapeLayer *iconLayer</Declaration>
			
			
			<Anchor>//api/name/iconLayer</Anchor>
            <NodeRef refid="12"/>
		</Token>
		
		<Token>
			<TokenIdentifier>//apple_ref/occ/instm/M13ProgressViewPie/setIndeterminateLayer:</TokenIdentifier>
			<Abstract type="html">The layer that is used to display the indeterminate view.</Abstract>
			<DeclaredIn>M13ProgressViewPie.m</DeclaredIn>
			
			<Declaration>@property (nonatomic, retain) CAShapeLayer *indeterminateLayer</Declaration>
			
			
			<Anchor>//api/name/indeterminateLayer</Anchor>
            <NodeRef refid="12"/>
		</Token>
		
		<Token>
			<TokenIdentifier>//apple_ref/occ/instm/M13ProgressViewPie/indeterminateLayer</TokenIdentifier>
			<Abstract type="html">The layer that is used to display the indeterminate view.</Abstract>
			<DeclaredIn>M13ProgressViewPie.m</DeclaredIn>
			
			<Declaration>@property (nonatomic, retain) CAShapeLayer *indeterminateLayer</Declaration>
			
			
			<Anchor>//api/name/indeterminateLayer</Anchor>
            <NodeRef refid="12"/>
		</Token>
		
		<Token>
			<TokenIdentifier>//apple_ref/occ/instp/M13ProgressViewPie/indeterminateLayer</TokenIdentifier>
			<Abstract type="html">The layer that is used to display the indeterminate view.</Abstract>
			<DeclaredIn>M13ProgressViewPie.m</DeclaredIn>
			
			<Declaration>@property (nonatomic, retain) CAShapeLayer *indeterminateLayer</Declaration>
			
			
			<Anchor>//api/name/indeterminateLayer</Anchor>
            <NodeRef refid="12"/>
		</Token>
		
		<Token>
			<TokenIdentifier>//apple_ref/occ/instm/M13ProgressViewPie/setCurrentAction:</TokenIdentifier>
			<Abstract type="html">The action currently being performed.</Abstract>
			<DeclaredIn>M13ProgressViewPie.m</DeclaredIn>
			
			<Declaration>@property (nonatomic, assign) M13ProgressViewAction currentAction</Declaration>
			
			
			<Anchor>//api/name/currentAction</Anchor>
            <NodeRef refid="12"/>
		</Token>
		
		<Token>
			<TokenIdentifier>//apple_ref/occ/instm/M13ProgressViewPie/currentAction</TokenIdentifier>
			<Abstract type="html">The action currently being performed.</Abstract>
			<DeclaredIn>M13ProgressViewPie.m</DeclaredIn>
			
			<Declaration>@property (nonatomic, assign) M13ProgressViewAction currentAction</Declaration>
			
			
			<Anchor>//api/name/currentAction</Anchor>
            <NodeRef refid="12"/>
		</Token>
		
		<Token>
			<TokenIdentifier>//apple_ref/occ/instp/M13ProgressViewPie/currentAction</TokenIdentifier>
			<Abstract type="html">The action currently being performed.</Abstract>
			<DeclaredIn>M13ProgressViewPie.m</DeclaredIn>
			
			<Declaration>@property (nonatomic, assign) M13ProgressViewAction currentAction</Declaration>
			
			
			<Anchor>//api/name/currentAction</Anchor>
            <NodeRef refid="12"/>
		</Token>
		
        
	</File>
</Tokens>