<?xml version="1.0" encoding="UTF-8"?>
<Tokens version="1.0">
	<File path="Classes/M13ProgressViewImage.html">
		
		<Token>
			<TokenIdentifier>//apple_ref/occ/cl/M13ProgressViewImage</TokenIdentifier>
			<Abstract type="html">A progress bar where progress is shown by cutting an image.</Abstract>
			<DeclaredIn>M13ProgressViewImage.h</DeclaredIn>
            
			
			<NodeRef refid="7"/>
		</Token>
		
		
		<Token>
			<TokenIdentifier>//apple_ref/occ/instm/M13ProgressViewImage/setProgressImage:</TokenIdentifier>
			<Abstract type="html">The image to use when showing progress.</Abstract>
			<DeclaredIn>M13ProgressViewImage.h</DeclaredIn>
			
			<Declaration>@property (nonatomic, retain) UIImage *progressImage</Declaration>
			
			
			<Anchor>//api/name/progressImage</Anchor>
            <NodeRef refid="7"/>
		</Token>
		
		<Token>
			<TokenIdentifier>//apple_ref/occ/instm/M13ProgressViewImage/progressImage</TokenIdentifier>
			<Abstract type="html">The image to use when showing progress.</Abstract>
			<DeclaredIn>M13ProgressViewImage.h</DeclaredIn>
			
			<Declaration>@property (nonatomic, retain) UIImage *progressImage</Declaration>
			
			
			<Anchor>//api/name/progressImage</Anchor>
            <NodeRef refid="7"/>
		</Token>
		
		<Token>
			<TokenIdentifier>//apple_ref/occ/instp/M13ProgressViewImage/progressImage</TokenIdentifier>
			<Abstract type="html">The image to use when showing progress.</Abstract>
			<DeclaredIn>M13ProgressViewImage.h</DeclaredIn>
			
			<Declaration>@property (nonatomic, retain) UIImage *progressImage</Declaration>
			
			
			<Anchor>//api/name/progressImage</Anchor>
            <NodeRef refid="7"/>
		</Token>
		
		<Token>
			<TokenIdentifier>//apple_ref/occ/instm/M13ProgressViewImage/setProgressDirection:</TokenIdentifier>
			<Abstract type="html">The direction of progress. (What direction the fill proceeds in.)</Abstract>
			<DeclaredIn>M13ProgressViewImage.h</DeclaredIn>
			
			<Declaration>@property (nonatomic, assign) M13ProgressViewImageProgressDirection progressDirection</Declaration>
			
			
			<Anchor>//api/name/progressDirection</Anchor>
            <NodeRef refid="7"/>
		</Token>
		
		<Token>
			<TokenIdentifier>//apple_ref/occ/instm/M13ProgressViewImage/progressDirection</TokenIdentifier>
			<Abstract type="html">The direction of progress. (What direction the fill proceeds in.)</Abstract>
			<DeclaredIn>M13ProgressViewImage.h</DeclaredIn>
			
			<Declaration>@property (nonatomic, assign) M13ProgressViewImageProgressDirection progressDirection</Declaration>
			
			
			<Anchor>//api/name/progressDirection</Anchor>
            <NodeRef refid="7"/>
		</Token>
		
		<Token>
			<TokenIdentifier>//apple_ref/occ/instp/M13ProgressViewImage/progressDirection</TokenIdentifier>
			<Abstract type="html">The direction of progress. (What direction the fill proceeds in.)</Abstract>
			<DeclaredIn>M13ProgressViewImage.h</DeclaredIn>
			
			<Declaration>@property (nonatomic, assign) M13ProgressViewImageProgressDirection progressDirection</Declaration>
			
			
			<Anchor>//api/name/progressDirection</Anchor>
            <NodeRef refid="7"/>
		</Token>
		
		<Token>
			<TokenIdentifier>//apple_ref/occ/instm/M13ProgressViewImage/setDrawGreyscaleBackground:</TokenIdentifier>
			<Abstract type="html">Wether or not to draw the greyscale background.</Abstract>
			<DeclaredIn>M13ProgressViewImage.h</DeclaredIn>
			
			<Declaration>@property (nonatomic, assign) BOOL drawGreyscaleBackground</Declaration>
			
			
			<Anchor>//api/name/drawGreyscaleBackground</Anchor>
            <NodeRef refid="7"/>
		</Token>
		
		<Token>
			<TokenIdentifier>//apple_ref/occ/instm/M13ProgressViewImage/drawGreyscaleBackground</TokenIdentifier>
			<Abstract type="html">Wether or not to draw the greyscale background.</Abstract>
			<DeclaredIn>M13ProgressViewImage.h</DeclaredIn>
			
			<Declaration>@property (nonatomic, assign) BOOL drawGreyscaleBackground</Declaration>
			
			
			<Anchor>//api/name/drawGreyscaleBackground</Anchor>
            <NodeRef refid="7"/>
		</Token>
		
		<Token>
			<TokenIdentifier>//apple_ref/occ/instp/M13ProgressViewImage/drawGreyscaleBackground</TokenIdentifier>
			<Abstract type="html">Wether or not to draw the greyscale background.</Abstract>
			<DeclaredIn>M13ProgressViewImage.h</DeclaredIn>
			
			<Declaration>@property (nonatomic, assign) BOOL drawGreyscaleBackground</Declaration>
			
			
			<Anchor>//api/name/drawGreyscaleBackground</Anchor>
            <NodeRef refid="7"/>
		</Token>
		
		<Token>
			<TokenIdentifier>//apple_ref/occ/instm/M13ProgressViewImage/setProgress:animated:</TokenIdentifier>
			<Abstract type="html">Set the progress of the M13ProgressView.</Abstract>
			<DeclaredIn>M13ProgressViewImage.m</DeclaredIn>
			
			<Declaration>- (void)setProgress:(CGFloat)progress animated:(BOOL)animated</Declaration>
			<Parameters>
				<Parameter>
					<Name>progress</Name>
					<Abstract type="html">The progress to show on the progress view.</Abstract>
				</Parameter><Parameter>
					<Name>animated</Name>
					<Abstract type="html">Wether or not to animate the progress change.</Abstract>
				</Parameter>
			</Parameters>
			
			<Anchor>//api/name/setProgress:animated:</Anchor>
            <NodeRef refid="7"/>
		</Token>
		
		<Token>
			<TokenIdentifier>//apple_ref/occ/instm/M13ProgressViewImage/performAction:animated:</TokenIdentifier>
			<Abstract type="html">Perform the given action if defined. Usually showing success or failure.</Abstract>
			<DeclaredIn>M13ProgressViewImage.m</DeclaredIn>
			
			<Declaration>- (void)performAction:(M13ProgressViewAction)action animated:(BOOL)animated</Declaration>
			<Parameters>
				<Parameter>
					<Name>action</Name>
					<Abstract type="html">The action to perform.</Abstract>
				</Parameter><Parameter>
					<Name>animated</Name>
					<Abstract type="html">Wether or not to animate the change</Abstract>
				</Parameter>
			</Parameters>
			
			<Anchor>//api/name/performAction:animated:</Anchor>
            <NodeRef refid="7"/>
		</Token>
		
		<Token>
			<TokenIdentifier>//apple_ref/occ/instm/M13ProgressViewImage/setIndeterminate:</TokenIdentifier>
			<Abstract type="html">Wether or not the progress view is indeterminate.</Abstract>
			<DeclaredIn>M13ProgressViewImage.m</DeclaredIn>
			
			<Declaration>- (void)setIndeterminate:(BOOL)indeterminate</Declaration>
			
			
			<Anchor>//api/name/setIndeterminate:</Anchor>
            <NodeRef refid="7"/>
		</Token>
		
		<Token>
			<TokenIdentifier>//apple_ref/occ/instm/M13ProgressViewImage/setAnimationFromValue:</TokenIdentifier>
			<Abstract type="html">The start progress for the progress animation.</Abstract>
			<DeclaredIn>M13ProgressViewImage.m</DeclaredIn>
			
			<Declaration>@property (nonatomic, assign) CGFloat animationFromValue</Declaration>
			
			
			<Anchor>//api/name/animationFromValue</Anchor>
            <NodeRef refid="7"/>
		</Token>
		
		<Token>
			<TokenIdentifier>//apple_ref/occ/instm/M13ProgressViewImage/animationFromValue</TokenIdentifier>
			<Abstract type="html">The start progress for the progress animation.</Abstract>
			<DeclaredIn>M13ProgressViewImage.m</DeclaredIn>
			
			<Declaration>@property (nonatomic, assign) CGFloat animationFromValue</Declaration>
			
			
			<Anchor>//api/name/animationFromValue</Anchor>
            <NodeRef refid="7"/>
		</Token>
		
		<Token>
			<TokenIdentifier>//apple_ref/occ/instp/M13ProgressViewImage/animationFromValue</TokenIdentifier>
			<Abstract type="html">The start progress for the progress animation.</Abstract>
			<DeclaredIn>M13ProgressViewImage.m</DeclaredIn>
			
			<Declaration>@property (nonatomic, assign) CGFloat animationFromValue</Declaration>
			
			
			<Anchor>//api/name/animationFromValue</Anchor>
            <NodeRef refid="7"/>
		</Token>
		
		<Token>
			<TokenIdentifier>//apple_ref/occ/instm/M13ProgressViewImage/setAnimationToValue:</TokenIdentifier>
			<Abstract type="html">The end progress for the progress animation.</Abstract>
			<DeclaredIn>M13ProgressViewImage.m</DeclaredIn>
			
			<Declaration>@property (nonatomic, assign) CGFloat animationToValue</Declaration>
			
			
			<Anchor>//api/name/animationToValue</Anchor>
            <NodeRef refid="7"/>
		</Token>
		
		<Token>
			<TokenIdentifier>//apple_ref/occ/instm/M13ProgressViewImage/animationToValue</TokenIdentifier>
			<Abstract type="html">The end progress for the progress animation.</Abstract>
			<DeclaredIn>M13ProgressViewImage.m</DeclaredIn>
			
			<Declaration>@property (nonatomic, assign) CGFloat animationToValue</Declaration>
			
			
			<Anchor>//api/name/animationToValue</Anchor>
            <NodeRef refid="7"/>
		</Token>
		
		<Token>
			<TokenIdentifier>//apple_ref/occ/instp/M13ProgressViewImage/animationToValue</TokenIdentifier>
			<Abstract type="html">The end progress for the progress animation.</Abstract>
			<DeclaredIn>M13ProgressViewImage.m</DeclaredIn>
			
			<Declaration>@property (nonatomic, assign) CGFloat animationToValue</Declaration>
			
			
			<Anchor>//api/name/animationToValue</Anchor>
            <NodeRef refid="7"/>
		</Token>
		
		<Token>
			<TokenIdentifier>//apple_ref/occ/instm/M13ProgressViewImage/setAnimationStartTime:</TokenIdentifier>
			<Abstract type="html">The start time interval for the animaiton.</Abstract>
			<DeclaredIn>M13ProgressViewImage.m</DeclaredIn>
			
			<Declaration>@property (nonatomic, assign) CFTimeInterval animationStartTime</Declaration>
			
			
			<Anchor>//api/name/animationStartTime</Anchor>
            <NodeRef refid="7"/>
		</Token>
		
		<Token>
			<TokenIdentifier>//apple_ref/occ/instm/M13ProgressViewImage/animationStartTime</TokenIdentifier>
			<Abstract type="html">The start time interval for the animaiton.</Abstract>
			<DeclaredIn>M13ProgressViewImage.m</DeclaredIn>
			
			<Declaration>@property (nonatomic, assign) CFTimeInterval animationStartTime</Declaration>
			
			
			<Anchor>//api/name/animationStartTime</Anchor>
            <NodeRef refid="7"/>
		</Token>
		
		<Token>
			<TokenIdentifier>//apple_ref/occ/instp/M13ProgressViewImage/animationStartTime</TokenIdentifier>
			<Abstract type="html">The start time interval for the animaiton.</Abstract>
			<DeclaredIn>M13ProgressViewImage.m</DeclaredIn>
			
			<Declaration>@property (nonatomic, assign) CFTimeInterval animationStartTime</Declaration>
			
			
			<Anchor>//api/name/animationStartTime</Anchor>
            <NodeRef refid="7"/>
		</Token>
		
		<Token>
			<TokenIdentifier>//apple_ref/occ/instm/M13ProgressViewImage/setDisplayLink:</TokenIdentifier>
			<Abstract type="html">Link to the display to keep animations in sync.</Abstract>
			<DeclaredIn>M13ProgressViewImage.m</DeclaredIn>
			
			<Declaration>@property (nonatomic, strong) CADisplayLink *displayLink</Declaration>
			
			
			<Anchor>//api/name/displayLink</Anchor>
            <NodeRef refid="7"/>
		</Token>
		
		<Token>
			<TokenIdentifier>//apple_ref/occ/instm/M13ProgressViewImage/displayLink</TokenIdentifier>
			<Abstract type="html">Link to the display to keep animations in sync.</Abstract>
			<DeclaredIn>M13ProgressViewImage.m</DeclaredIn>
			
			<Declaration>@property (nonatomic, strong) CADisplayLink *displayLink</Declaration>
			
			
			<Anchor>//api/name/displayLink</Anchor>
            <NodeRef refid="7"/>
		</Token>
		
		<Token>
			<TokenIdentifier>//apple_ref/occ/instp/M13ProgressViewImage/displayLink</TokenIdentifier>
			<Abstract type="html">Link to the display to keep animations in sync.</Abstract>
			<DeclaredIn>M13ProgressViewImage.m</DeclaredIn>
			
			<Declaration>@property (nonatomic, strong) CADisplayLink *displayLink</Declaration>
			
			
			<Anchor>//api/name/displayLink</Anchor>
            <NodeRef refid="7"/>
		</Token>
		
		<Token>
			<TokenIdentifier>//apple_ref/occ/instm/M13ProgressViewImage/setProgress:</TokenIdentifier>
			<Abstract type="html">Allow us to write to the progress.</Abstract>
			<DeclaredIn>M13ProgressViewImage.m</DeclaredIn>
			
			<Declaration>@property (nonatomic, readwrite) CGFloat progress</Declaration>
			
			
			<Anchor>//api/name/progress</Anchor>
            <NodeRef refid="7"/>
		</Token>
		
		<Token>
			<TokenIdentifier>//apple_ref/occ/instm/M13ProgressViewImage/progress</TokenIdentifier>
			<Abstract type="html">Allow us to write to the progress.</Abstract>
			<DeclaredIn>M13ProgressViewImage.m</DeclaredIn>
			
			<Declaration>@property (nonatomic, readwrite) CGFloat progress</Declaration>
			
			
			<Anchor>//api/name/progress</Anchor>
            <NodeRef refid="7"/>
		</Token>
		
		<Token>
			<TokenIdentifier>//apple_ref/occ/instp/M13ProgressViewImage/progress</TokenIdentifier>
			<Abstract type="html">Allow us to write to the progress.</Abstract>
			<DeclaredIn>M13ProgressViewImage.m</DeclaredIn>
			
			<Declaration>@property (nonatomic, readwrite) CGFloat progress</Declaration>
			
			
			<Anchor>//api/name/progress</Anchor>
            <NodeRef refid="7"/>
		</Token>
		
		<Token>
			<TokenIdentifier>//apple_ref/occ/instm/M13ProgressViewImage/setProgressView:</TokenIdentifier>
			<Abstract type="html">The UIImageView that shows the progress image.</Abstract>
			<DeclaredIn>M13ProgressViewImage.m</DeclaredIn>
			
			<Declaration>@property (nonatomic, retain) UIImageView *progressView</Declaration>
			
			
			<Anchor>//api/name/progressView</Anchor>
            <NodeRef refid="7"/>
		</Token>
		
		<Token>
			<TokenIdentifier>//apple_ref/occ/instm/M13ProgressViewImage/progressView</TokenIdentifier>
			<Abstract type="html">The UIImageView that shows the progress image.</Abstract>
			<DeclaredIn>M13ProgressViewImage.m</DeclaredIn>
			
			<Declaration>@property (nonatomic, retain) UIImageView *progressView</Declaration>
			
			
			<Anchor>//api/name/progressView</Anchor>
            <NodeRef refid="7"/>
		</Token>
		
		<Token>
			<TokenIdentifier>//apple_ref/occ/instp/M13ProgressViewImage/progressView</TokenIdentifier>
			<Abstract type="html">The UIImageView that shows the progress image.</Abstract>
			<DeclaredIn>M13ProgressViewImage.m</DeclaredIn>
			
			<Declaration>@property (nonatomic, retain) UIImageView *progressView</Declaration>
			
			
			<Anchor>//api/name/progressView</Anchor>
            <NodeRef refid="7"/>
		</Token>
		
        
	</File>
</Tokens>